top_class,leaf_class,video,path,width,height,resolution,fps,frame_count,duration_sec,codec,aspect_ratio,center_check_pct_in_box
Color,Black,0.MOV,c:\Users\ACER NITRO\Documents\GitHub\FSL-PROJECT-DESIGN\BETTER\Training\Videos\Color\Black\0.MOV,640,360,640x360,60.0,244,4.067,h264,1.77778,
Color,Black,1.MOV,c:\Users\ACER NITRO\Documents\GitHub\FSL-PROJECT-DESIGN\BETTER\Training\Videos\Color\Black\1.MOV,640,360,640x360,60.0,244,4.067,h264,1.77778,
Color,Black,10.MOV,c:\Users\ACER NITRO\Documents\GitHub\FSL-PROJECT-DESIGN\BETTER\Training\Videos\Color\Black\10.MOV,640,360,640x360,60.0,244,4.067,h264,1.77778,
Color,Black,11.MOV,c:\Users\ACER NITRO\Documents\GitHub\FSL-PROJECT-DESIGN\BETTER\Training\Videos\Color\Black\11.MOV,640,360,640x360,60.0,244,4.067,h264,1.77778,
Color,Black,12.MOV,c:\Users\ACER NITRO\Documents\GitHub\FSL-PROJECT-DESIGN\BETTER\Training\Videos\Color\Black\12.MOV,640,360,640x360,60.0,244,4.067,h264,1.77778,
Color,Black,13.MOV,c:\Users\ACER NITRO\Documents\GitHub\FSL-PROJECT-DESIGN\BETTER\Training\Videos\Color\Black\13.MOV,640,360,640x360,60.0,244,4.067,h264,1.77778,
Color,Black,14.MOV,c:\Users\ACER NITRO\Documents\GitHub\FSL-PROJECT-DESIGN\BETTER\Training\Videos\Color\Black\14.MOV,640,360,640x360,60.0,244,4.067,h264,1.77778,
Color,Black,15.MOV,c:\Users\ACER NITRO\Documents\GitHub\FSL-PROJECT-DESIGN\BETTER\Training\Videos\Color\Black\15.MOV,640,360,640x360,60.0,244,4.067,h264,1.77778,
Color,Black,16.MOV,c:\Users\ACER NITRO\Documents\GitHub\FSL-PROJECT-DESIGN\BETTER\Training\Videos\Color\Black\16.MOV,640,360,640x360,60.0,244,4.067,h264,1.77778,
Color,Black,17.MOV,c:\Users\ACER NITRO\Documents\GitHub\FSL-PROJECT-DESIGN\BETTER\Training\Videos\Color\Black\17.MOV,640,360,640x360,60.0,244,4.067,h264,1.77778,
Color,Black,18.MOV,c:\Users\ACER NITRO\Documents\GitHub\FSL-PROJECT-DESIGN\BETTER\Training\Videos\Color\Black\18.MOV,640,360,640x360,60.0,244,4.067,h264,1.77778,
Color,Black,19.MOV,c:\Users\ACER NITRO\Documents\GitHub\FSL-PROJECT-DESIGN\BETTER\Training\Videos\Color\Black\19.MOV,640,360,640x360,60.0,244,4.067,h264,1.77778,
Color,Black,2.MOV,c:\Users\ACER NITRO\Documents\GitHub\FSL-PROJECT-DESIGN\BETTER\Training\Videos\Color\Black\2.MOV,640,360,640x360,60.0,244,4.067,h264,1.77778,
Color,Black,3.MOV,c:\Users\ACER NITRO\Documents\GitHub\FSL-PROJECT-DESIGN\BETTER\Training\Videos\Color\Black\3.MOV,640,360,640x360,60.0,244,4.067,h264,1.77778,
Color,Black,4.MOV,c:\Users\ACER NITRO\Documents\GitHub\FSL-PROJECT-DESIGN\BETTER\Training\Videos\Color\Black\4.MOV,640,360,640x360,60.0,244,4.067,h264,1.77778,
Color,Black,5.MOV,c:\Users\ACER NITRO\Documents\GitHub\FSL-PROJECT-DESIGN\BETTER\Training\Videos\Color\Black\5.MOV,640,360,640x360,60.0,244,4.067,h264,1.77778,
Color,Black,6.MOV,c:\Users\ACER NITRO\Documents\GitHub\FSL-PROJECT-DESIGN\BETTER\Training\Videos\Color\Black\6.MOV,640,360,640x360,60.0,244,4.067,h264,1.77778,
Color,Black,7.MOV,c:\Users\ACER NITRO\Documents\GitHub\FSL-PROJECT-DESIGN\BETTER\Training\Videos\Color\Black\7.MOV,640,360,640x360,60.0,244,4.067,h264,1.77778,
Color,Black,8.MOV,c:\Users\ACER NITRO\Documents\GitHub\FSL-PROJECT-DESIGN\BETTER\Training\Videos\Color\Black\8.MOV,640,360,640x360,60.0,244,4.067,h264,1.77778,
Color,Black,9.MOV,c:\Users\ACER NITRO\Documents\GitHub\FSL-PROJECT-DESIGN\BETTER\Training\Videos\Color\Black\9.MOV,640,360,640x360,60.0,244,4.067,h264,1.77778,
Color,Blue,0.MOV,c:\Users\ACER NITRO\Documents\GitHub\FSL-PROJECT-DESIGN\BETTER\Training\Videos\Color\Blue\0.MOV,640,360,640x360,60.0,245,4.083,h264,1.77778,
Color,Blue,1.MOV,c:\Users\ACER NITRO\Documents\GitHub\FSL-PROJECT-DESIGN\BETTER\Training\Videos\Color\Blue\1.MOV,640,360,640x360,60.0,245,4.083,h264,1.77778,
Color,Blue,10.MOV,c:\Users\ACER NITRO\Documents\GitHub\FSL-PROJECT-DESIGN\BETTER\Training\Videos\Color\Blue\10.MOV,640,360,640x360,60.0,245,4.083,h264,1.77778,
Color,Blue,11.MOV,c:\Users\ACER NITRO\Documents\GitHub\FSL-PROJECT-DESIGN\BETTER\Training\Videos\Color\Blue\11.MOV,640,360,640x360,60.0,245,4.083,h264,1.77778,
Color,Blue,12.MOV,c:\Users\ACER NITRO\Documents\GitHub\FSL-PROJECT-DESIGN\BETTER\Training\Videos\Color\Blue\12.MOV,640,360,640x360,60.0,244,4.067,h264,1.77778,
Color,Blue,13.MOV,c:\Users\ACER NITRO\Documents\GitHub\FSL-PROJECT-DESIGN\BETTER\Training\Videos\Color\Blue\13.MOV,640,360,640x360,60.0,244,4.067,h264,1.77778,
Color,Blue,14.MOV,c:\Users\ACER NITRO\Documents\GitHub\FSL-PROJECT-DESIGN\BETTER\Training\Videos\Color\Blue\14.MOV,640,360,640x360,60.0,244,4.067,h264,1.77778,
Color,Blue,15.MOV,c:\Users\ACER NITRO\Documents\GitHub\FSL-PROJECT-DESIGN\BETTER\Training\Videos\Color\Blue\15.MOV,640,360,640x360,60.0,245,4.083,h264,1.77778,
Color,Blue,16.MOV,c:\Users\ACER NITRO\Documents\GitHub\FSL-PROJECT-DESIGN\BETTER\Training\Videos\Color\Blue\16.MOV,640,360,640x360,60.0,245,4.083,h264,1.77778,
Color,Blue,17.MOV,c:\Users\ACER NITRO\Documents\GitHub\FSL-PROJECT-DESIGN\BETTER\Training\Videos\Color\Blue\17.MOV,640,360,640x360,60.0,244,4.067,h264,1.77778,
Color,Blue,18.MOV,c:\Users\ACER NITRO\Documents\GitHub\FSL-PROJECT-DESIGN\BETTER\Training\Videos\Color\Blue\18.MOV,640,360,640x360,60.0,244,4.067,h264,1.77778,
Color,Blue,19.MOV,c:\Users\ACER NITRO\Documents\GitHub\FSL-PROJECT-DESIGN\BETTER\Training\Videos\Color\Blue\19.MOV,640,360,640x360,60.0,244,4.067,h264,1.77778,
Color,Blue,2.MOV,c:\Users\ACER NITRO\Documents\GitHub\FSL-PROJECT-DESIGN\BETTER\Training\Videos\Color\Blue\2.MOV,640,360,640x360,60.0,244,4.067,h264,1.77778,
Color,Blue,3.MOV,c:\Users\ACER NITRO\Documents\GitHub\FSL-PROJECT-DESIGN\BETTER\Training\Videos\Color\Blue\3.MOV,640,360,640x360,60.0,244,4.067,h264,1.77778,
Color,Blue,4.MOV,c:\Users\ACER NITRO\Documents\GitHub\FSL-PROJECT-DESIGN\BETTER\Training\Videos\Color\Blue\4.MOV,640,360,640x360,60.0,244,4.067,h264,1.77778,
Color,Blue,5.MOV,c:\Users\ACER NITRO\Documents\GitHub\FSL-PROJECT-DESIGN\BETTER\Training\Videos\Color\Blue\5.MOV,640,360,640x360,60.0,244,4.067,h264,1.77778,
Color,Blue,6.MOV,c:\Users\ACER NITRO\Documents\GitHub\FSL-PROJECT-DESIGN\BETTER\Training\Videos\Color\Blue\6.MOV,640,360,640x360,60.0,244,4.067,h264,1.77778,
Color,Blue,7.MOV,c:\Users\ACER NITRO\Documents\GitHub\FSL-PROJECT-DESIGN\BETTER\Training\Videos\Color\Blue\7.MOV,640,360,640x360,60.0,244,4.067,h264,1.77778,
Color,Blue,8.MOV,c:\Users\ACER NITRO\Documents\GitHub\FSL-PROJECT-DESIGN\BETTER\Training\Videos\Color\Blue\8.MOV,640,360,640x360,60.0,244,4.067,h264,1.77778,
Color,Blue,9.MOV,c:\Users\ACER NITRO\Documents\GitHub\FSL-PROJECT-DESIGN\BETTER\Training\Videos\Color\Blue\9.MOV,640,360,640x360,60.0,244,4.067,h264,1.77778,
Color,Green,0.MOV,c:\Users\ACER NITRO\Documents\GitHub\FSL-PROJECT-DESIGN\BETTER\Training\Videos\Color\Green\0.MOV,640,360,640x360,60.0,244,4.067,h264,1.77778,
Color,Green,1.MOV,c:\Users\ACER NITRO\Documents\GitHub\FSL-PROJECT-DESIGN\BETTER\Training\Videos\Color\Green\1.MOV,640,360,640x360,60.0,244,4.067,h264,1.77778,
Color,Green,10.MOV,c:\Users\ACER NITRO\Documents\GitHub\FSL-PROJECT-DESIGN\BETTER\Training\Videos\Color\Green\10.MOV,640,360,640x360,60.0,244,4.067,h264,1.77778,
Color,Green,11.MOV,c:\Users\ACER NITRO\Documents\GitHub\FSL-PROJECT-DESIGN\BETTER\Training\Videos\Color\Green\11.MOV,640,360,640x360,60.0,244,4.067,h264,1.77778,
Color,Green,12.MOV,c:\Users\ACER NITRO\Documents\GitHub\FSL-PROJECT-DESIGN\BETTER\Training\Videos\Color\Green\12.MOV,640,360,640x360,60.0,244,4.067,h264,1.77778,
Color,Green,13.MOV,c:\Users\ACER NITRO\Documents\GitHub\FSL-PROJECT-DESIGN\BETTER\Training\Videos\Color\Green\13.MOV,640,360,640x360,60.0,244,4.067,h264,1.77778,
Color,Green,14.MOV,c:\Users\ACER NITRO\Documents\GitHub\FSL-PROJECT-DESIGN\BETTER\Training\Videos\Color\Green\14.MOV,640,360,640x360,60.0,244,4.067,h264,1.77778,
Color,Green,15.MOV,c:\Users\ACER NITRO\Documents\GitHub\FSL-PROJECT-DESIGN\BETTER\Training\Videos\Color\Green\15.MOV,640,360,640x360,60.0,244,4.067,h264,1.77778,
Color,Green,16.MOV,c:\Users\ACER NITRO\Documents\GitHub\FSL-PROJECT-DESIGN\BETTER\Training\Videos\Color\Green\16.MOV,640,360,640x360,60.0,244,4.067,h264,1.77778,
Color,Green,17.MOV,c:\Users\ACER NITRO\Documents\GitHub\FSL-PROJECT-DESIGN\BETTER\Training\Videos\Color\Green\17.MOV,640,360,640x360,60.0,244,4.067,h264,1.77778,
Color,Green,18.MOV,c:\Users\ACER NITRO\Documents\GitHub\FSL-PROJECT-DESIGN\BETTER\Training\Videos\Color\Green\18.MOV,640,360,640x360,60.0,244,4.067,h264,1.77778,
Color,Green,19.MOV,c:\Users\ACER NITRO\Documents\GitHub\FSL-PROJECT-DESIGN\BETTER\Training\Videos\Color\Green\19.MOV,640,360,640x360,60.0,244,4.067,h264,1.77778,
Color,Green,2.MOV,c:\Users\ACER NITRO\Documents\GitHub\FSL-PROJECT-DESIGN\BETTER\Training\Videos\Color\Green\2.MOV,640,360,640x360,60.0,244,4.067,h264,1.77778,
Color,Green,20.MOV,c:\Users\ACER NITRO\Documents\GitHub\FSL-PROJECT-DESIGN\BETTER\Training\Videos\Color\Green\20.MOV,640,360,640x360,60.0,244,4.067,h264,1.77778,
Color,Green,3.MOV,c:\Users\ACER NITRO\Documents\GitHub\FSL-PROJECT-DESIGN\BETTER\Training\Videos\Color\Green\3.MOV,640,360,640x360,60.0,244,4.067,h264,1.77778,
Color,Green,4.MOV,c:\Users\ACER NITRO\Documents\GitHub\FSL-PROJECT-DESIGN\BETTER\Training\Videos\Color\Green\4.MOV,640,360,640x360,60.0,244,4.067,h264,1.77778,
Color,Green,5.MOV,c:\Users\ACER NITRO\Documents\GitHub\FSL-PROJECT-DESIGN\BETTER\Training\Videos\Color\Green\5.MOV,640,360,640x360,60.0,244,4.067,h264,1.77778,
Color,Green,6.MOV,c:\Users\ACER NITRO\Documents\GitHub\FSL-PROJECT-DESIGN\BETTER\Training\Videos\Color\Green\6.MOV,640,360,640x360,60.0,244,4.067,h264,1.77778,
Color,Green,7.MOV,c:\Users\ACER NITRO\Documents\GitHub\FSL-PROJECT-DESIGN\BETTER\Training\Videos\Color\Green\7.MOV,640,360,640x360,60.0,244,4.067,h264,1.77778,
Color,Green,8.MOV,c:\Users\ACER NITRO\Documents\GitHub\FSL-PROJECT-DESIGN\BETTER\Training\Videos\Color\Green\8.MOV,640,360,640x360,60.0,244,4.067,h264,1.77778,
Color,Green,9.MOV,c:\Users\ACER NITRO\Documents\GitHub\FSL-PROJECT-DESIGN\BETTER\Training\Videos\Color\Green\9.MOV,640,360,640x360,60.0,244,4.067,h264,1.77778,
Color,Orange,0.MOV,c:\Users\ACER NITRO\Documents\GitHub\FSL-PROJECT-DESIGN\BETTER\Training\Videos\Color\Orange\0.MOV,640,360,640x360,60.0,243,4.05,h264,1.77778,
Color,Orange,1.MOV,c:\Users\ACER NITRO\Documents\GitHub\FSL-PROJECT-DESIGN\BETTER\Training\Videos\Color\Orange\1.MOV,640,360,640x360,60.0,243,4.05,h264,1.77778,
Color,Orange,10.MOV,c:\Users\ACER NITRO\Documents\GitHub\FSL-PROJECT-DESIGN\BETTER\Training\Videos\Color\Orange\10.MOV,640,360,640x360,60.0,244,4.067,h264,1.77778,
Color,Orange,11.MOV,c:\Users\ACER NITRO\Documents\GitHub\FSL-PROJECT-DESIGN\BETTER\Training\Videos\Color\Orange\11.MOV,640,360,640x360,60.0,243,4.05,h264,1.77778,
Color,Orange,12.MOV,c:\Users\ACER NITRO\Documents\GitHub\FSL-PROJECT-DESIGN\BETTER\Training\Videos\Color\Orange\12.MOV,640,360,640x360,60.0,243,4.05,h264,1.77778,
Color,Orange,13.MOV,c:\Users\ACER NITRO\Documents\GitHub\FSL-PROJECT-DESIGN\BETTER\Training\Videos\Color\Orange\13.MOV,640,360,640x360,60.0,243,4.05,h264,1.77778,
Color,Orange,14.MOV,c:\Users\ACER NITRO\Documents\GitHub\FSL-PROJECT-DESIGN\BETTER\Training\Videos\Color\Orange\14.MOV,640,360,640x360,60.0,243,4.05,h264,1.77778,
Color,Orange,15.MOV,c:\Users\ACER NITRO\Documents\GitHub\FSL-PROJECT-DESIGN\BETTER\Training\Videos\Color\Orange\15.MOV,640,360,640x360,60.0,244,4.067,h264,1.77778,
Color,Orange,16.MOV,c:\Users\ACER NITRO\Documents\GitHub\FSL-PROJECT-DESIGN\BETTER\Training\Videos\Color\Orange\16.MOV,640,360,640x360,60.0,244,4.067,h264,1.77778,
Color,Orange,17.MOV,c:\Users\ACER NITRO\Documents\GitHub\FSL-PROJECT-DESIGN\BETTER\Training\Videos\Color\Orange\17.MOV,640,360,640x360,60.0,244,4.067,h264,1.77778,
Color,Orange,18.MOV,c:\Users\ACER NITRO\Documents\GitHub\FSL-PROJECT-DESIGN\BETTER\Training\Videos\Color\Orange\18.MOV,640,360,640x360,60.0,244,4.067,h264,1.77778,
Color,Orange,19.MOV,c:\Users\ACER NITRO\Documents\GitHub\FSL-PROJECT-DESIGN\BETTER\Training\Videos\Color\Orange\19.MOV,640,360,640x360,60.0,243,4.05,h264,1.77778,
Color,Orange,2.MOV,c:\Users\ACER NITRO\Documents\GitHub\FSL-PROJECT-DESIGN\BETTER\Training\Videos\Color\Orange\2.MOV,640,360,640x360,60.0,243,4.05,h264,1.77778,
Color,Orange,3.MOV,c:\Users\ACER NITRO\Documents\GitHub\FSL-PROJECT-DESIGN\BETTER\Training\Videos\Color\Orange\3.MOV,640,360,640x360,60.0,243,4.05,h264,1.77778,
Color,Orange,4.MOV,c:\Users\ACER NITRO\Documents\GitHub\FSL-PROJECT-DESIGN\BETTER\Training\Videos\Color\Orange\4.MOV,640,360,640x360,60.0,243,4.05,h264,1.77778,
Color,Orange,5.MOV,c:\Users\ACER NITRO\Documents\GitHub\FSL-PROJECT-DESIGN\BETTER\Training\Videos\Color\Orange\5.MOV,640,360,640x360,60.0,244,4.067,h264,1.77778,
Color,Orange,6.MOV,c:\Users\ACER NITRO\Documents\GitHub\FSL-PROJECT-DESIGN\BETTER\Training\Videos\Color\Orange\6.MOV,640,360,640x360,60.0,244,4.067,h264,1.77778,
Color,Orange,7.MOV,c:\Users\ACER NITRO\Documents\GitHub\FSL-PROJECT-DESIGN\BETTER\Training\Videos\Color\Orange\7.MOV,640,360,640x360,60.0,243,4.05,h264,1.77778,
Color,Orange,8.MOV,c:\Users\ACER NITRO\Documents\GitHub\FSL-PROJECT-DESIGN\BETTER\Training\Videos\Color\Orange\8.MOV,640,360,640x360,60.0,243,4.05,h264,1.77778,
Color,Orange,9.MOV,c:\Users\ACER NITRO\Documents\GitHub\FSL-PROJECT-DESIGN\BETTER\Training\Videos\Color\Orange\9.MOV,640,360,640x360,60.0,243,4.05,h264,1.77778,
Color,Pink,0.MOV,c:\Users\ACER NITRO\Documents\GitHub\FSL-PROJECT-DESIGN\BETTER\Training\Videos\Color\Pink\0.MOV,640,360,640x360,60.0,243,4.05,h264,1.77778,
Color,Pink,1.MOV,c:\Users\ACER NITRO\Documents\GitHub\FSL-PROJECT-DESIGN\BETTER\Training\Videos\Color\Pink\1.MOV,640,360,640x360,60.0,243,4.05,h264,1.77778,
Color,Pink,10.MOV,c:\Users\ACER NITRO\Documents\GitHub\FSL-PROJECT-DESIGN\BETTER\Training\Videos\Color\Pink\10.MOV,640,360,640x360,60.0,243,4.05,h264,1.77778,
Color,Pink,11.MOV,c:\Users\ACER NITRO\Documents\GitHub\FSL-PROJECT-DESIGN\BETTER\Training\Videos\Color\Pink\11.MOV,640,360,640x360,60.0,243,4.05,h264,1.77778,
Color,Pink,12.MOV,c:\Users\ACER NITRO\Documents\GitHub\FSL-PROJECT-DESIGN\BETTER\Training\Videos\Color\Pink\12.MOV,640,360,640x360,60.0,243,4.05,h264,1.77778,
Color,Pink,13.MOV,c:\Users\ACER NITRO\Documents\GitHub\FSL-PROJECT-DESIGN\BETTER\Training\Videos\Color\Pink\13.MOV,640,360,640x360,60.0,243,4.05,h264,1.77778,
Color,Pink,14.MOV,c:\Users\ACER NITRO\Documents\GitHub\FSL-PROJECT-DESIGN\BETTER\Training\Videos\Color\Pink\14.MOV,640,360,640x360,60.0,243,4.05,h264,1.77778,
Color,Pink,15.MOV,c:\Users\ACER NITRO\Documents\GitHub\FSL-PROJECT-DESIGN\BETTER\Training\Videos\Color\Pink\15.MOV,640,360,640x360,60.0,243,4.05,h264,1.77778,
Color,Pink,16.MOV,c:\Users\ACER NITRO\Documents\GitHub\FSL-PROJECT-DESIGN\BETTER\Training\Videos\Color\Pink\16.MOV,640,360,640x360,60.0,243,4.05,h264,1.77778,
Color,Pink,17.MOV,c:\Users\ACER NITRO\Documents\GitHub\FSL-PROJECT-DESIGN\BETTER\Training\Videos\Color\Pink\17.MOV,640,360,640x360,60.0,243,4.05,h264,1.77778,
Color,Pink,18.MOV,c:\Users\ACER NITRO\Documents\GitHub\FSL-PROJECT-DESIGN\BETTER\Training\Videos\Color\Pink\18.MOV,640,360,640x360,60.0,243,4.05,h264,1.77778,
Color,Pink,19.MOV,c:\Users\ACER NITRO\Documents\GitHub\FSL-PROJECT-DESIGN\BETTER\Training\Videos\Color\Pink\19.MOV,640,360,640x360,60.0,243,4.05,h264,1.77778,
Color,Pink,2.MOV,c:\Users\ACER NITRO\Documents\GitHub\FSL-PROJECT-DESIGN\BETTER\Training\Videos\Color\Pink\2.MOV,640,360,640x360,60.0,243,4.05,h264,1.77778,
Color,Pink,3.MOV,c:\Users\ACER NITRO\Documents\GitHub\FSL-PROJECT-DESIGN\BETTER\Training\Videos\Color\Pink\3.MOV,640,360,640x360,60.0,243,4.05,h264,1.77778,
Color,Pink,4.MOV,c:\Users\ACER NITRO\Documents\GitHub\FSL-PROJECT-DESIGN\BETTER\Training\Videos\Color\Pink\4.MOV,640,360,640x360,60.0,243,4.05,h264,1.77778,
Color,Pink,5.MOV,c:\Users\ACER NITRO\Documents\GitHub\FSL-PROJECT-DESIGN\BETTER\Training\Videos\Color\Pink\5.MOV,640,360,640x360,60.0,243,4.05,h264,1.77778,
Color,Pink,6.MOV,c:\Users\ACER NITRO\Documents\GitHub\FSL-PROJECT-DESIGN\BETTER\Training\Videos\Color\Pink\6.MOV,640,360,640x360,60.0,243,4.05,h264,1.77778,
Color,Pink,7.MOV,c:\Users\ACER NITRO\Documents\GitHub\FSL-PROJECT-DESIGN\BETTER\Training\Videos\Color\Pink\7.MOV,640,360,640x360,60.0,243,4.05,h264,1.77778,
Color,Pink,8.MOV,c:\Users\ACER NITRO\Documents\GitHub\FSL-PROJECT-DESIGN\BETTER\Training\Videos\Color\Pink\8.MOV,640,360,640x360,60.0,243,4.05,h264,1.77778,
Color,Pink,9.MOV,c:\Users\ACER NITRO\Documents\GitHub\FSL-PROJECT-DESIGN\BETTER\Training\Videos\Color\Pink\9.MOV,640,360,640x360,60.0,243,4.05,h264,1.77778,
Color,Red,0.MOV,c:\Users\ACER NITRO\Documents\GitHub\FSL-PROJECT-DESIGN\BETTER\Training\Videos\Color\Red\0.MOV,640,360,640x360,60.0,244,4.067,h264,1.77778,
Color,Red,1.MOV,c:\Users\ACER NITRO\Documents\GitHub\FSL-PROJECT-DESIGN\BETTER\Training\Videos\Color\Red\1.MOV,640,360,640x360,60.0,244,4.067,h264,1.77778,
Color,Red,10.MOV,c:\Users\ACER NITRO\Documents\GitHub\FSL-PROJECT-DESIGN\BETTER\Training\Videos\Color\Red\10.MOV,640,360,640x360,60.0,244,4.067,h264,1.77778,
Color,Red,11.MOV,c:\Users\ACER NITRO\Documents\GitHub\FSL-PROJECT-DESIGN\BETTER\Training\Videos\Color\Red\11.MOV,640,360,640x360,60.0,244,4.067,h264,1.77778,
Color,Red,12.MOV,c:\Users\ACER NITRO\Documents\GitHub\FSL-PROJECT-DESIGN\BETTER\Training\Videos\Color\Red\12.MOV,640,360,640x360,60.0,244,4.067,h264,1.77778,
Color,Red,13.MOV,c:\Users\ACER NITRO\Documents\GitHub\FSL-PROJECT-DESIGN\BETTER\Training\Videos\Color\Red\13.MOV,640,360,640x360,60.0,244,4.067,h264,1.77778,
Color,Red,14.MOV,c:\Users\ACER NITRO\Documents\GitHub\FSL-PROJECT-DESIGN\BETTER\Training\Videos\Color\Red\14.MOV,640,360,640x360,60.0,244,4.067,h264,1.77778,
Color,Red,15.MOV,c:\Users\ACER NITRO\Documents\GitHub\FSL-PROJECT-DESIGN\BETTER\Training\Videos\Color\Red\15.MOV,640,360,640x360,60.0,244,4.067,h264,1.77778,
Color,Red,16.MOV,c:\Users\ACER NITRO\Documents\GitHub\FSL-PROJECT-DESIGN\BETTER\Training\Videos\Color\Red\16.MOV,640,360,640x360,60.0,244,4.067,h264,1.77778,
Color,Red,17.MOV,c:\Users\ACER NITRO\Documents\GitHub\FSL-PROJECT-DESIGN\BETTER\Training\Videos\Color\Red\17.MOV,640,360,640x360,60.0,244,4.067,h264,1.77778,
Color,Red,18.MOV,c:\Users\ACER NITRO\Documents\GitHub\FSL-PROJECT-DESIGN\BETTER\Training\Videos\Color\Red\18.MOV,640,360,640x360,60.0,244,4.067,h264,1.77778,
Color,Red,19.MOV,c:\Users\ACER NITRO\Documents\GitHub\FSL-PROJECT-DESIGN\BETTER\Training\Videos\Color\Red\19.MOV,640,360,640x360,60.0,244,4.067,h264,1.77778,
Color,Red,2.MOV,c:\Users\ACER NITRO\Documents\GitHub\FSL-PROJECT-DESIGN\BETTER\Training\Videos\Color\Red\2.MOV,640,360,640x360,60.0,244,4.067,h264,1.77778,
Color,Red,3.MOV,c:\Users\ACER NITRO\Documents\GitHub\FSL-PROJECT-DESIGN\BETTER\Training\Videos\Color\Red\3.MOV,640,360,640x360,60.0,244,4.067,h264,1.77778,
Color,Red,4.MOV,c:\Users\ACER NITRO\Documents\GitHub\FSL-PROJECT-DESIGN\BETTER\Training\Videos\Color\Red\4.MOV,640,360,640x360,60.0,244,4.067,h264,1.77778,
Color,Red,5.MOV,c:\Users\ACER NITRO\Documents\GitHub\FSL-PROJECT-DESIGN\BETTER\Training\Videos\Color\Red\5.MOV,640,360,640x360,60.0,244,4.067,h264,1.77778,
Color,Red,6.MOV,c:\Users\ACER NITRO\Documents\GitHub\FSL-PROJECT-DESIGN\BETTER\Training\Videos\Color\Red\6.MOV,640,360,640x360,60.0,244,4.067,h264,1.77778,
Color,Red,7.MOV,c:\Users\ACER NITRO\Documents\GitHub\FSL-PROJECT-DESIGN\BETTER\Training\Videos\Color\Red\7.MOV,640,360,640x360,60.0,244,4.067,h264,1.77778,
Color,Red,8.MOV,c:\Users\ACER NITRO\Documents\GitHub\FSL-PROJECT-DESIGN\BETTER\Training\Videos\Color\Red\8.MOV,640,360,640x360,60.0,244,4.067,h264,1.77778,
Color,Red,9.MOV,c:\Users\ACER NITRO\Documents\GitHub\FSL-PROJECT-DESIGN\BETTER\Training\Videos\Color\Red\9.MOV,640,360,640x360,60.0,244,4.067,h264,1.77778,
Color,White,0.MOV,c:\Users\ACER NITRO\Documents\GitHub\FSL-PROJECT-DESIGN\BETTER\Training\Videos\Color\White\0.MOV,640,360,640x360,60.0,244,4.067,h264,1.77778,
Color,White,1.MOV,c:\Users\ACER NITRO\Documents\GitHub\FSL-PROJECT-DESIGN\BETTER\Training\Videos\Color\White\1.MOV,640,360,640x360,60.0,244,4.067,h264,1.77778,
Color,White,10.MOV,c:\Users\ACER NITRO\Documents\GitHub\FSL-PROJECT-DESIGN\BETTER\Training\Videos\Color\White\10.MOV,640,360,640x360,60.0,244,4.067,h264,1.77778,
Color,White,11.MOV,c:\Users\ACER NITRO\Documents\GitHub\FSL-PROJECT-DESIGN\BETTER\Training\Videos\Color\White\11.MOV,640,360,640x360,60.0,244,4.067,h264,1.77778,
Color,White,12.MOV,c:\Users\ACER NITRO\Documents\GitHub\FSL-PROJECT-DESIGN\BETTER\Training\Videos\Color\White\12.MOV,640,360,640x360,60.0,244,4.067,h264,1.77778,
Color,White,13.MOV,c:\Users\ACER NITRO\Documents\GitHub\FSL-PROJECT-DESIGN\BETTER\Training\Videos\Color\White\13.MOV,640,360,640x360,60.0,244,4.067,h264,1.77778,
Color,White,14.MOV,c:\Users\ACER NITRO\Documents\GitHub\FSL-PROJECT-DESIGN\BETTER\Training\Videos\Color\White\14.MOV,640,360,640x360,60.0,244,4.067,h264,1.77778,
Color,White,15.MOV,c:\Users\ACER NITRO\Documents\GitHub\FSL-PROJECT-DESIGN\BETTER\Training\Videos\Color\White\15.MOV,640,360,640x360,60.0,244,4.067,h264,1.77778,
Color,White,16.MOV,c:\Users\ACER NITRO\Documents\GitHub\FSL-PROJECT-DESIGN\BETTER\Training\Videos\Color\White\16.MOV,640,360,640x360,60.0,244,4.067,h264,1.77778,
Color,White,17.MOV,c:\Users\ACER NITRO\Documents\GitHub\FSL-PROJECT-DESIGN\BETTER\Training\Videos\Color\White\17.MOV,640,360,640x360,60.0,244,4.067,h264,1.77778,
Color,White,18.MOV,c:\Users\ACER NITRO\Documents\GitHub\FSL-PROJECT-DESIGN\BETTER\Training\Videos\Color\White\18.MOV,640,360,640x360,60.0,244,4.067,h264,1.77778,
Color,White,19.MOV,c:\Users\ACER NITRO\Documents\GitHub\FSL-PROJECT-DESIGN\BETTER\Training\Videos\Color\White\19.MOV,640,360,640x360,60.0,244,4.067,h264,1.77778,
Color,White,2.MOV,c:\Users\ACER NITRO\Documents\GitHub\FSL-PROJECT-DESIGN\BETTER\Training\Videos\Color\White\2.MOV,640,360,640x360,60.0,244,4.067,h264,1.77778,
Color,White,3.MOV,c:\Users\ACER NITRO\Documents\GitHub\FSL-PROJECT-DESIGN\BETTER\Training\Videos\Color\White\3.MOV,640,360,640x360,60.0,244,4.067,h264,1.77778,
Color,White,4.MOV,c:\Users\ACER NITRO\Documents\GitHub\FSL-PROJECT-DESIGN\BETTER\Training\Videos\Color\White\4.MOV,640,360,640x360,60.0,244,4.067,h264,1.77778,
Color,White,5.MOV,c:\Users\ACER NITRO\Documents\GitHub\FSL-PROJECT-DESIGN\BETTER\Training\Videos\Color\White\5.MOV,640,360,640x360,60.0,244,4.067,h264,1.77778,
Color,White,6.MOV,c:\Users\ACER NITRO\Documents\GitHub\FSL-PROJECT-DESIGN\BETTER\Training\Videos\Color\White\6.MOV,640,360,640x360,60.0,244,4.067,h264,1.77778,
Color,White,7.MOV,c:\Users\ACER NITRO\Documents\GitHub\FSL-PROJECT-DESIGN\BETTER\Training\Videos\Color\White\7.MOV,640,360,640x360,60.0,244,4.067,h264,1.77778,
Color,White,8.MOV,c:\Users\ACER NITRO\Documents\GitHub\FSL-PROJECT-DESIGN\BETTER\Training\Videos\Color\White\8.MOV,640,360,640x360,60.0,244,4.067,h264,1.77778,
Color,White,9.MOV,c:\Users\ACER NITRO\Documents\GitHub\FSL-PROJECT-DESIGN\BETTER\Training\Videos\Color\White\9.MOV,640,360,640x360,60.0,244,4.067,h264,1.77778,
Color,Yellow,0.MOV,c:\Users\ACER NITRO\Documents\GitHub\FSL-PROJECT-DESIGN\BETTER\Training\Videos\Color\Yellow\0.MOV,640,360,640x360,60.0,244,4.067,h264,1.77778,
Color,Yellow,1.MOV,c:\Users\ACER NITRO\Documents\GitHub\FSL-PROJECT-DESIGN\BETTER\Training\Videos\Color\Yellow\1.MOV,640,360,640x360,60.0,244,4.067,h264,1.77778,
Color,Yellow,10.MOV,c:\Users\ACER NITRO\Documents\GitHub\FSL-PROJECT-DESIGN\BETTER\Training\Videos\Color\Yellow\10.MOV,640,360,640x360,60.0,244,4.067,h264,1.77778,
Color,Yellow,11.MOV,c:\Users\ACER NITRO\Documents\GitHub\FSL-PROJECT-DESIGN\BETTER\Training\Videos\Color\Yellow\11.MOV,640,360,640x360,60.0,244,4.067,h264,1.77778,
Color,Yellow,12.MOV,c:\Users\ACER NITRO\Documents\GitHub\FSL-PROJECT-DESIGN\BETTER\Training\Videos\Color\Yellow\12.MOV,640,360,640x360,60.0,244,4.067,h264,1.77778,
Color,Yellow,13.MOV,c:\Users\ACER NITRO\Documents\GitHub\FSL-PROJECT-DESIGN\BETTER\Training\Videos\Color\Yellow\13.MOV,640,360,640x360,60.0,244,4.067,h264,1.77778,
Color,Yellow,14.MOV,c:\Users\ACER NITRO\Documents\GitHub\FSL-PROJECT-DESIGN\BETTER\Training\Videos\Color\Yellow\14.MOV,640,360,640x360,60.0,244,4.067,h264,1.77778,
Color,Yellow,15.MOV,c:\Users\ACER NITRO\Documents\GitHub\FSL-PROJECT-DESIGN\BETTER\Training\Videos\Color\Yellow\15.MOV,640,360,640x360,60.0,244,4.067,h264,1.77778,
Color,Yellow,16.MOV,c:\Users\ACER NITRO\Documents\GitHub\FSL-PROJECT-DESIGN\BETTER\Training\Videos\Color\Yellow\16.MOV,640,360,640x360,60.0,244,4.067,h264,1.77778,
Color,Yellow,17.MOV,c:\Users\ACER NITRO\Documents\GitHub\FSL-PROJECT-DESIGN\BETTER\Training\Videos\Color\Yellow\17.MOV,640,360,640x360,60.0,244,4.067,h264,1.77778,
Color,Yellow,18.MOV,c:\Users\ACER NITRO\Documents\GitHub\FSL-PROJECT-DESIGN\BETTER\Training\Videos\Color\Yellow\18.MOV,640,360,640x360,60.0,244,4.067,h264,1.77778,
Color,Yellow,19.MOV,c:\Users\ACER NITRO\Documents\GitHub\FSL-PROJECT-DESIGN\BETTER\Training\Videos\Color\Yellow\19.MOV,640,360,640x360,60.0,244,4.067,h264,1.77778,
Color,Yellow,2.MOV,c:\Users\ACER NITRO\Documents\GitHub\FSL-PROJECT-DESIGN\BETTER\Training\Videos\Color\Yellow\2.MOV,640,360,640x360,60.0,244,4.067,h264,1.77778,
Color,Yellow,3.MOV,c:\Users\ACER NITRO\Documents\GitHub\FSL-PROJECT-DESIGN\BETTER\Training\Videos\Color\Yellow\3.MOV,640,360,640x360,60.0,244,4.067,h264,1.77778,
Color,Yellow,4.MOV,c:\Users\ACER NITRO\Documents\GitHub\FSL-PROJECT-DESIGN\BETTER\Training\Videos\Color\Yellow\4.MOV,640,360,640x360,60.0,244,4.067,h264,1.77778,
Color,Yellow,5.MOV,c:\Users\ACER NITRO\Documents\GitHub\FSL-PROJECT-DESIGN\BETTER\Training\Videos\Color\Yellow\5.MOV,640,360,640x360,60.0,244,4.067,h264,1.77778,
Color,Yellow,6.MOV,c:\Users\ACER NITRO\Documents\GitHub\FSL-PROJECT-DESIGN\BETTER\Training\Videos\Color\Yellow\6.MOV,640,360,640x360,60.0,244,4.067,h264,1.77778,
Color,Yellow,7.MOV,c:\Users\ACER NITRO\Documents\GitHub\FSL-PROJECT-DESIGN\BETTER\Training\Videos\Color\Yellow\7.MOV,640,360,640x360,60.0,244,4.067,h264,1.77778,
Color,Yellow,8.MOV,c:\Users\ACER NITRO\Documents\GitHub\FSL-PROJECT-DESIGN\BETTER\Training\Videos\Color\Yellow\8.MOV,640,360,640x360,60.0,244,4.067,h264,1.77778,
Color,Yellow,9.MOV,c:\Users\ACER NITRO\Documents\GitHub\FSL-PROJECT-DESIGN\BETTER\Training\Videos\Color\Yellow\9.MOV,640,360,640x360,60.0,244,4.067,h264,1.77778,
Family,Daughter,0.MOV,c:\Users\ACER NITRO\Documents\GitHub\FSL-PROJECT-DESIGN\BETTER\Training\Videos\Family\Daughter\0.MOV,640,360,640x360,60.0,244,4.067,h264,1.77778,
Family,Daughter,1.MOV,c:\Users\ACER NITRO\Documents\GitHub\FSL-PROJECT-DESIGN\BETTER\Training\Videos\Family\Daughter\1.MOV,640,360,640x360,60.0,244,4.067,h264,1.77778,
Family,Daughter,10.MOV,c:\Users\ACER NITRO\Documents\GitHub\FSL-PROJECT-DESIGN\BETTER\Training\Videos\Family\Daughter\10.MOV,640,360,640x360,60.0,244,4.067,h264,1.77778,
Family,Daughter,11.MOV,c:\Users\ACER NITRO\Documents\GitHub\FSL-PROJECT-DESIGN\BETTER\Training\Videos\Family\Daughter\11.MOV,640,360,640x360,60.0,244,4.067,h264,1.77778,
Family,Daughter,12.MOV,c:\Users\ACER NITRO\Documents\GitHub\FSL-PROJECT-DESIGN\BETTER\Training\Videos\Family\Daughter\12.MOV,640,360,640x360,60.0,244,4.067,h264,1.77778,
Family,Daughter,13.MOV,c:\Users\ACER NITRO\Documents\GitHub\FSL-PROJECT-DESIGN\BETTER\Training\Videos\Family\Daughter\13.MOV,640,360,640x360,60.0,244,4.067,h264,1.77778,
Family,Daughter,14.MOV,c:\Users\ACER NITRO\Documents\GitHub\FSL-PROJECT-DESIGN\BETTER\Training\Videos\Family\Daughter\14.MOV,640,360,640x360,60.0,244,4.067,h264,1.77778,
Family,Daughter,15.MOV,c:\Users\ACER NITRO\Documents\GitHub\FSL-PROJECT-DESIGN\BETTER\Training\Videos\Family\Daughter\15.MOV,640,360,640x360,60.0,244,4.067,h264,1.77778,
Family,Daughter,16.MOV,c:\Users\ACER NITRO\Documents\GitHub\FSL-PROJECT-DESIGN\BETTER\Training\Videos\Family\Daughter\16.MOV,640,360,640x360,60.0,244,4.067,h264,1.77778,
Family,Daughter,17.MOV,c:\Users\ACER NITRO\Documents\GitHub\FSL-PROJECT-DESIGN\BETTER\Training\Videos\Family\Daughter\17.MOV,640,360,640x360,60.0,244,4.067,h264,1.77778,
Family,Daughter,18.MOV,c:\Users\ACER NITRO\Documents\GitHub\FSL-PROJECT-DESIGN\BETTER\Training\Videos\Family\Daughter\18.MOV,640,360,640x360,60.0,244,4.067,h264,1.77778,
Family,Daughter,19.MOV,c:\Users\ACER NITRO\Documents\GitHub\FSL-PROJECT-DESIGN\BETTER\Training\Videos\Family\Daughter\19.MOV,640,360,640x360,60.0,244,4.067,h264,1.77778,
Family,Daughter,2.MOV,c:\Users\ACER NITRO\Documents\GitHub\FSL-PROJECT-DESIGN\BETTER\Training\Videos\Family\Daughter\2.MOV,640,360,640x360,60.0,244,4.067,h264,1.77778,
Family,Daughter,3.MOV,c:\Users\ACER NITRO\Documents\GitHub\FSL-PROJECT-DESIGN\BETTER\Training\Videos\Family\Daughter\3.MOV,640,360,640x360,60.0,244,4.067,h264,1.77778,
Family,Daughter,4.MOV,c:\Users\ACER NITRO\Documents\GitHub\FSL-PROJECT-DESIGN\BETTER\Training\Videos\Family\Daughter\4.MOV,640,360,640x360,60.0,244,4.067,h264,1.77778,
Family,Daughter,5.MOV,c:\Users\ACER NITRO\Documents\GitHub\FSL-PROJECT-DESIGN\BETTER\Training\Videos\Family\Daughter\5.MOV,640,360,640x360,60.0,244,4.067,h264,1.77778,
Family,Daughter,6.MOV,c:\Users\ACER NITRO\Documents\GitHub\FSL-PROJECT-DESIGN\BETTER\Training\Videos\Family\Daughter\6.MOV,640,360,640x360,60.0,244,4.067,h264,1.77778,
Family,Daughter,7.MOV,c:\Users\ACER NITRO\Documents\GitHub\FSL-PROJECT-DESIGN\BETTER\Training\Videos\Family\Daughter\7.MOV,640,360,640x360,60.0,244,4.067,h264,1.77778,
Family,Daughter,8.MOV,c:\Users\ACER NITRO\Documents\GitHub\FSL-PROJECT-DESIGN\BETTER\Training\Videos\Family\Daughter\8.MOV,640,360,640x360,60.0,244,4.067,h264,1.77778,
Family,Daughter,9.MOV,c:\Users\ACER NITRO\Documents\GitHub\FSL-PROJECT-DESIGN\BETTER\Training\Videos\Family\Daughter\9.MOV,640,360,640x360,60.0,244,4.067,h264,1.77778,
Family,Father,0.MOV,c:\Users\ACER NITRO\Documents\GitHub\FSL-PROJECT-DESIGN\BETTER\Training\Videos\Family\Father\0.MOV,640,360,640x360,60.0,245,4.083,h264,1.77778,
Family,Father,1.MOV,c:\Users\ACER NITRO\Documents\GitHub\FSL-PROJECT-DESIGN\BETTER\Training\Videos\Family\Father\1.MOV,640,360,640x360,60.0,245,4.083,h264,1.77778,
Family,Father,10.MOV,c:\Users\ACER NITRO\Documents\GitHub\FSL-PROJECT-DESIGN\BETTER\Training\Videos\Family\Father\10.MOV,640,360,640x360,60.0,245,4.083,h264,1.77778,
Family,Father,11.MOV,c:\Users\ACER NITRO\Documents\GitHub\FSL-PROJECT-DESIGN\BETTER\Training\Videos\Family\Father\11.MOV,640,360,640x360,60.0,244,4.067,h264,1.77778,
Family,Father,12.MOV,c:\Users\ACER NITRO\Documents\GitHub\FSL-PROJECT-DESIGN\BETTER\Training\Videos\Family\Father\12.MOV,640,360,640x360,60.0,244,4.067,h264,1.77778,
Family,Father,13.MOV,c:\Users\ACER NITRO\Documents\GitHub\FSL-PROJECT-DESIGN\BETTER\Training\Videos\Family\Father\13.MOV,640,360,640x360,60.0,244,4.067,h264,1.77778,
Family,Father,14.MOV,c:\Users\ACER NITRO\Documents\GitHub\FSL-PROJECT-DESIGN\BETTER\Training\Videos\Family\Father\14.MOV,640,360,640x360,60.0,244,4.067,h264,1.77778,
Family,Father,15.MOV,c:\Users\ACER NITRO\Documents\GitHub\FSL-PROJECT-DESIGN\BETTER\Training\Videos\Family\Father\15.MOV,640,360,640x360,60.0,245,4.083,h264,1.77778,
Family,Father,16.MOV,c:\Users\ACER NITRO\Documents\GitHub\FSL-PROJECT-DESIGN\BETTER\Training\Videos\Family\Father\16.MOV,640,360,640x360,60.0,245,4.083,h264,1.77778,
Family,Father,17.MOV,c:\Users\ACER NITRO\Documents\GitHub\FSL-PROJECT-DESIGN\BETTER\Training\Videos\Family\Father\17.MOV,640,360,640x360,60.0,244,4.067,h264,1.77778,
Family,Father,18.MOV,c:\Users\ACER NITRO\Documents\GitHub\FSL-PROJECT-DESIGN\BETTER\Training\Videos\Family\Father\18.MOV,640,360,640x360,60.0,244,4.067,h264,1.77778,
Family,Father,19.MOV,c:\Users\ACER NITRO\Documents\GitHub\FSL-PROJECT-DESIGN\BETTER\Training\Videos\Family\Father\19.MOV,640,360,640x360,60.0,244,4.067,h264,1.77778,
Family,Father,2.MOV,c:\Users\ACER NITRO\Documents\GitHub\FSL-PROJECT-DESIGN\BETTER\Training\Videos\Family\Father\2.MOV,640,360,640x360,60.0,244,4.067,h264,1.77778,
Family,Father,3.MOV,c:\Users\ACER NITRO\Documents\GitHub\FSL-PROJECT-DESIGN\BETTER\Training\Videos\Family\Father\3.MOV,640,360,640x360,60.0,244,4.067,h264,1.77778,
Family,Father,4.MOV,c:\Users\ACER NITRO\Documents\GitHub\FSL-PROJECT-DESIGN\BETTER\Training\Videos\Family\Father\4.MOV,640,360,640x360,60.0,244,4.067,h264,1.77778,
Family,Father,5.MOV,c:\Users\ACER NITRO\Documents\GitHub\FSL-PROJECT-DESIGN\BETTER\Training\Videos\Family\Father\5.MOV,640,360,640x360,60.0,244,4.067,h264,1.77778,
Family,Father,6.MOV,c:\Users\ACER NITRO\Documents\GitHub\FSL-PROJECT-DESIGN\BETTER\Training\Videos\Family\Father\6.MOV,640,360,640x360,60.0,244,4.067,h264,1.77778,
Family,Father,7.MOV,c:\Users\ACER NITRO\Documents\GitHub\FSL-PROJECT-DESIGN\BETTER\Training\Videos\Family\Father\7.MOV,640,360,640x360,60.0,244,4.067,h264,1.77778,
Family,Father,8.MOV,c:\Users\ACER NITRO\Documents\GitHub\FSL-PROJECT-DESIGN\BETTER\Training\Videos\Family\Father\8.MOV,640,360,640x360,60.0,244,4.067,h264,1.77778,
Family,Father,9.MOV,c:\Users\ACER NITRO\Documents\GitHub\FSL-PROJECT-DESIGN\BETTER\Training\Videos\Family\Father\9.MOV,640,360,640x360,60.0,244,4.067,h264,1.77778,
Family,Grandfather,0.MOV,c:\Users\ACER NITRO\Documents\GitHub\FSL-PROJECT-DESIGN\BETTER\Training\Videos\Family\Grandfather\0.MOV,640,360,640x360,60.0,244,4.067,h264,1.77778,
Family,Grandfather,1.MOV,c:\Users\ACER NITRO\Documents\GitHub\FSL-PROJECT-DESIGN\BETTER\Training\Videos\Family\Grandfather\1.MOV,640,360,640x360,60.0,244,4.067,h264,1.77778,
Family,Grandfather,10.MOV,c:\Users\ACER NITRO\Documents\GitHub\FSL-PROJECT-DESIGN\BETTER\Training\Videos\Family\Grandfather\10.MOV,640,360,640x360,60.0,244,4.067,h264,1.77778,
Family,Grandfather,11.MOV,c:\Users\ACER NITRO\Documents\GitHub\FSL-PROJECT-DESIGN\BETTER\Training\Videos\Family\Grandfather\11.MOV,640,360,640x360,60.0,244,4.067,h264,1.77778,
Family,Grandfather,12.MOV,c:\Users\ACER NITRO\Documents\GitHub\FSL-PROJECT-DESIGN\BETTER\Training\Videos\Family\Grandfather\12.MOV,640,360,640x360,60.0,244,4.067,h264,1.77778,
Family,Grandfather,13.MOV,c:\Users\ACER NITRO\Documents\GitHub\FSL-PROJECT-DESIGN\BETTER\Training\Videos\Family\Grandfather\13.MOV,640,360,640x360,60.0,244,4.067,h264,1.77778,
Family,Grandfather,14.MOV,c:\Users\ACER NITRO\Documents\GitHub\FSL-PROJECT-DESIGN\BETTER\Training\Videos\Family\Grandfather\14.MOV,640,360,640x360,60.0,244,4.067,h264,1.77778,
Family,Grandfather,15.MOV,c:\Users\ACER NITRO\Documents\GitHub\FSL-PROJECT-DESIGN\BETTER\Training\Videos\Family\Grandfather\15.MOV,640,360,640x360,60.0,244,4.067,h264,1.77778,
Family,Grandfather,16.MOV,c:\Users\ACER NITRO\Documents\GitHub\FSL-PROJECT-DESIGN\BETTER\Training\Videos\Family\Grandfather\16.MOV,640,360,640x360,60.0,244,4.067,h264,1.77778,
Family,Grandfather,17.MOV,c:\Users\ACER NITRO\Documents\GitHub\FSL-PROJECT-DESIGN\BETTER\Training\Videos\Family\Grandfather\17.MOV,640,360,640x360,60.0,244,4.067,h264,1.77778,
Family,Grandfather,2.MOV,c:\Users\ACER NITRO\Documents\GitHub\FSL-PROJECT-DESIGN\BETTER\Training\Videos\Family\Grandfather\2.MOV,640,360,640x360,60.0,244,4.067,h264,1.77778,
Family,Grandfather,3.MOV,c:\Users\ACER NITRO\Documents\GitHub\FSL-PROJECT-DESIGN\BETTER\Training\Videos\Family\Grandfather\3.MOV,640,360,640x360,60.0,244,4.067,h264,1.77778,
Family,Grandfather,4.MOV,c:\Users\ACER NITRO\Documents\GitHub\FSL-PROJECT-DESIGN\BETTER\Training\Videos\Family\Grandfather\4.MOV,640,360,640x360,60.0,244,4.067,h264,1.77778,
Family,Grandfather,5.MOV,c:\Users\ACER NITRO\Documents\GitHub\FSL-PROJECT-DESIGN\BETTER\Training\Videos\Family\Grandfather\5.MOV,640,360,640x360,60.0,244,4.067,h264,1.77778,
Family,Grandfather,6.MOV,c:\Users\ACER NITRO\Documents\GitHub\FSL-PROJECT-DESIGN\BETTER\Training\Videos\Family\Grandfather\6.MOV,640,360,640x360,60.0,244,4.067,h264,1.77778,
Family,Grandfather,7.MOV,c:\Users\ACER NITRO\Documents\GitHub\FSL-PROJECT-DESIGN\BETTER\Training\Videos\Family\Grandfather\7.MOV,640,360,640x360,60.0,243,4.05,h264,1.77778,
Family,Grandfather,8.MOV,c:\Users\ACER NITRO\Documents\GitHub\FSL-PROJECT-DESIGN\BETTER\Training\Videos\Family\Grandfather\8.MOV,640,360,640x360,60.0,244,4.067,h264,1.77778,
Family,Grandfather,9.MOV,c:\Users\ACER NITRO\Documents\GitHub\FSL-PROJECT-DESIGN\BETTER\Training\Videos\Family\Grandfather\9.MOV,640,360,640x360,60.0,244,4.067,h264,1.77778,
Family,Grandmother,0.MOV,c:\Users\ACER NITRO\Documents\GitHub\FSL-PROJECT-DESIGN\BETTER\Training\Videos\Family\Grandmother\0.MOV,640,360,640x360,60.0,244,4.067,h264,1.77778,
Family,Grandmother,1.MOV,c:\Users\ACER NITRO\Documents\GitHub\FSL-PROJECT-DESIGN\BETTER\Training\Videos\Family\Grandmother\1.MOV,640,360,640x360,60.0,244,4.067,h264,1.77778,
Family,Grandmother,10.MOV,c:\Users\ACER NITRO\Documents\GitHub\FSL-PROJECT-DESIGN\BETTER\Training\Videos\Family\Grandmother\10.MOV,640,360,640x360,60.0,244,4.067,h264,1.77778,
Family,Grandmother,11.MOV,c:\Users\ACER NITRO\Documents\GitHub\FSL-PROJECT-DESIGN\BETTER\Training\Videos\Family\Grandmother\11.MOV,640,360,640x360,60.0,244,4.067,h264,1.77778,
Family,Grandmother,12.MOV,c:\Users\ACER NITRO\Documents\GitHub\FSL-PROJECT-DESIGN\BETTER\Training\Videos\Family\Grandmother\12.MOV,640,360,640x360,60.0,244,4.067,h264,1.77778,
Family,Grandmother,13.MOV,c:\Users\ACER NITRO\Documents\GitHub\FSL-PROJECT-DESIGN\BETTER\Training\Videos\Family\Grandmother\13.MOV,640,360,640x360,60.0,244,4.067,h264,1.77778,
Family,Grandmother,14.MOV,c:\Users\ACER NITRO\Documents\GitHub\FSL-PROJECT-DESIGN\BETTER\Training\Videos\Family\Grandmother\14.MOV,640,360,640x360,60.0,244,4.067,h264,1.77778,
Family,Grandmother,15.MOV,c:\Users\ACER NITRO\Documents\GitHub\FSL-PROJECT-DESIGN\BETTER\Training\Videos\Family\Grandmother\15.MOV,640,360,640x360,60.0,244,4.067,h264,1.77778,
Family,Grandmother,16.MOV,c:\Users\ACER NITRO\Documents\GitHub\FSL-PROJECT-DESIGN\BETTER\Training\Videos\Family\Grandmother\16.MOV,640,360,640x360,60.0,244,4.067,h264,1.77778,
Family,Grandmother,17.MOV,c:\Users\ACER NITRO\Documents\GitHub\FSL-PROJECT-DESIGN\BETTER\Training\Videos\Family\Grandmother\17.MOV,640,360,640x360,60.0,244,4.067,h264,1.77778,
Family,Grandmother,18.MOV,c:\Users\ACER NITRO\Documents\GitHub\FSL-PROJECT-DESIGN\BETTER\Training\Videos\Family\Grandmother\18.MOV,640,360,640x360,60.0,244,4.067,h264,1.77778,
Family,Grandmother,19.MOV,c:\Users\ACER NITRO\Documents\GitHub\FSL-PROJECT-DESIGN\BETTER\Training\Videos\Family\Grandmother\19.MOV,640,360,640x360,60.0,244,4.067,h264,1.77778,
Family,Grandmother,2.MOV,c:\Users\ACER NITRO\Documents\GitHub\FSL-PROJECT-DESIGN\BETTER\Training\Videos\Family\Grandmother\2.MOV,640,360,640x360,60.0,244,4.067,h264,1.77778,
Family,Grandmother,3.MOV,c:\Users\ACER NITRO\Documents\GitHub\FSL-PROJECT-DESIGN\BETTER\Training\Videos\Family\Grandmother\3.MOV,640,360,640x360,60.0,244,4.067,h264,1.77778,
Family,Grandmother,4.MOV,c:\Users\ACER NITRO\Documents\GitHub\FSL-PROJECT-DESIGN\BETTER\Training\Videos\Family\Grandmother\4.MOV,640,360,640x360,60.0,244,4.067,h264,1.77778,
Family,Grandmother,5.MOV,c:\Users\ACER NITRO\Documents\GitHub\FSL-PROJECT-DESIGN\BETTER\Training\Videos\Family\Grandmother\5.MOV,640,360,640x360,60.0,243,4.05,h264,1.77778,
Family,Grandmother,6.MOV,c:\Users\ACER NITRO\Documents\GitHub\FSL-PROJECT-DESIGN\BETTER\Training\Videos\Family\Grandmother\6.MOV,640,360,640x360,60.0,243,4.05,h264,1.77778,
Family,Grandmother,7.MOV,c:\Users\ACER NITRO\Documents\GitHub\FSL-PROJECT-DESIGN\BETTER\Training\Videos\Family\Grandmother\7.MOV,640,360,640x360,60.0,243,4.05,h264,1.77778,
Family,Grandmother,8.MOV,c:\Users\ACER NITRO\Documents\GitHub\FSL-PROJECT-DESIGN\BETTER\Training\Videos\Family\Grandmother\8.MOV,640,360,640x360,60.0,243,4.05,h264,1.77778,
Family,Grandmother,9.MOV,c:\Users\ACER NITRO\Documents\GitHub\FSL-PROJECT-DESIGN\BETTER\Training\Videos\Family\Grandmother\9.MOV,640,360,640x360,60.0,243,4.05,h264,1.77778,
Family,Mother,0.MOV,c:\Users\ACER NITRO\Documents\GitHub\FSL-PROJECT-DESIGN\BETTER\Training\Videos\Family\Mother\0.MOV,640,360,640x360,60.0,244,4.067,h264,1.77778,
Family,Mother,1.MOV,c:\Users\ACER NITRO\Documents\GitHub\FSL-PROJECT-DESIGN\BETTER\Training\Videos\Family\Mother\1.MOV,640,360,640x360,60.0,244,4.067,h264,1.77778,
Family,Mother,10.MOV,c:\Users\ACER NITRO\Documents\GitHub\FSL-PROJECT-DESIGN\BETTER\Training\Videos\Family\Mother\10.MOV,640,360,640x360,60.0,244,4.067,h264,1.77778,
Family,Mother,11.MOV,c:\Users\ACER NITRO\Documents\GitHub\FSL-PROJECT-DESIGN\BETTER\Training\Videos\Family\Mother\11.MOV,640,360,640x360,60.0,244,4.067,h264,1.77778,
Family,Mother,12.MOV,c:\Users\ACER NITRO\Documents\GitHub\FSL-PROJECT-DESIGN\BETTER\Training\Videos\Family\Mother\12.MOV,640,360,640x360,60.0,244,4.067,h264,1.77778,
Family,Mother,13.MOV,c:\Users\ACER NITRO\Documents\GitHub\FSL-PROJECT-DESIGN\BETTER\Training\Videos\Family\Mother\13.MOV,640,360,640x360,60.0,244,4.067,h264,1.77778,
Family,Mother,14.MOV,c:\Users\ACER NITRO\Documents\GitHub\FSL-PROJECT-DESIGN\BETTER\Training\Videos\Family\Mother\14.MOV,640,360,640x360,60.0,244,4.067,h264,1.77778,
Family,Mother,15.MOV,c:\Users\ACER NITRO\Documents\GitHub\FSL-PROJECT-DESIGN\BETTER\Training\Videos\Family\Mother\15.MOV,640,360,640x360,60.0,244,4.067,h264,1.77778,
Family,Mother,16.MOV,c:\Users\ACER NITRO\Documents\GitHub\FSL-PROJECT-DESIGN\BETTER\Training\Videos\Family\Mother\16.MOV,640,360,640x360,60.0,244,4.067,h264,1.77778,
Family,Mother,17.MOV,c:\Users\ACER NITRO\Documents\GitHub\FSL-PROJECT-DESIGN\BETTER\Training\Videos\Family\Mother\17.MOV,640,360,640x360,60.0,244,4.067,h264,1.77778,
Family,Mother,18.MOV,c:\Users\ACER NITRO\Documents\GitHub\FSL-PROJECT-DESIGN\BETTER\Training\Videos\Family\Mother\18.MOV,640,360,640x360,60.0,244,4.067,h264,1.77778,
Family,Mother,19.MOV,c:\Users\ACER NITRO\Documents\GitHub\FSL-PROJECT-DESIGN\BETTER\Training\Videos\Family\Mother\19.MOV,640,360,640x360,60.0,244,4.067,h264,1.77778,
Family,Mother,2.MOV,c:\Users\ACER NITRO\Documents\GitHub\FSL-PROJECT-DESIGN\BETTER\Training\Videos\Family\Mother\2.MOV,640,360,640x360,60.0,244,4.067,h264,1.77778,
Family,Mother,3.MOV,c:\Users\ACER NITRO\Documents\GitHub\FSL-PROJECT-DESIGN\BETTER\Training\Videos\Family\Mother\3.MOV,640,360,640x360,60.0,244,4.067,h264,1.77778,
Family,Mother,4.MOV,c:\Users\ACER NITRO\Documents\GitHub\FSL-PROJECT-DESIGN\BETTER\Training\Videos\Family\Mother\4.MOV,640,360,640x360,60.0,244,4.067,h264,1.77778,
Family,Mother,5.MOV,c:\Users\ACER NITRO\Documents\GitHub\FSL-PROJECT-DESIGN\BETTER\Training\Videos\Family\Mother\5.MOV,640,360,640x360,60.0,244,4.067,h264,1.77778,
Family,Mother,6.MOV,c:\Users\ACER NITRO\Documents\GitHub\FSL-PROJECT-DESIGN\BETTER\Training\Videos\Family\Mother\6.MOV,640,360,640x360,60.0,244,4.067,h264,1.77778,
Family,Mother,7.MOV,c:\Users\ACER NITRO\Documents\GitHub\FSL-PROJECT-DESIGN\BETTER\Training\Videos\Family\Mother\7.MOV,640,360,640x360,60.0,244,4.067,h264,1.77778,
Family,Mother,8.MOV,c:\Users\ACER NITRO\Documents\GitHub\FSL-PROJECT-DESIGN\BETTER\Training\Videos\Family\Mother\8.MOV,640,360,640x360,60.0,244,4.067,h264,1.77778,
Family,Mother,9.MOV,c:\Users\ACER NITRO\Documents\GitHub\FSL-PROJECT-DESIGN\BETTER\Training\Videos\Family\Mother\9.MOV,640,360,640x360,60.0,244,4.067,h264,1.77778,
Family,Son,0.MOV,c:\Users\ACER NITRO\Documents\GitHub\FSL-PROJECT-DESIGN\BETTER\Training\Videos\Family\Son\0.MOV,640,360,640x360,60.0,244,4.067,h264,1.77778,
Family,Son,1.MOV,c:\Users\ACER NITRO\Documents\GitHub\FSL-PROJECT-DESIGN\BETTER\Training\Videos\Family\Son\1.MOV,640,360,640x360,60.0,244,4.067,h264,1.77778,
Family,Son,10.MOV,c:\Users\ACER NITRO\Documents\GitHub\FSL-PROJECT-DESIGN\BETTER\Training\Videos\Family\Son\10.MOV,640,360,640x360,60.0,244,4.067,h264,1.77778,
Family,Son,11.MOV,c:\Users\ACER NITRO\Documents\GitHub\FSL-PROJECT-DESIGN\BETTER\Training\Videos\Family\Son\11.MOV,640,360,640x360,60.0,244,4.067,h264,1.77778,
Family,Son,12.MOV,c:\Users\ACER NITRO\Documents\GitHub\FSL-PROJECT-DESIGN\BETTER\Training\Videos\Family\Son\12.MOV,640,360,640x360,60.0,244,4.067,h264,1.77778,
Family,Son,13.MOV,c:\Users\ACER NITRO\Documents\GitHub\FSL-PROJECT-DESIGN\BETTER\Training\Videos\Family\Son\13.MOV,640,360,640x360,60.0,244,4.067,h264,1.77778,
Family,Son,14.MOV,c:\Users\ACER NITRO\Documents\GitHub\FSL-PROJECT-DESIGN\BETTER\Training\Videos\Family\Son\14.MOV,640,360,640x360,60.0,244,4.067,h264,1.77778,
Family,Son,15.MOV,c:\Users\ACER NITRO\Documents\GitHub\FSL-PROJECT-DESIGN\BETTER\Training\Videos\Family\Son\15.MOV,640,360,640x360,60.0,244,4.067,h264,1.77778,
Family,Son,16.MOV,c:\Users\ACER NITRO\Documents\GitHub\FSL-PROJECT-DESIGN\BETTER\Training\Videos\Family\Son\16.MOV,640,360,640x360,60.0,244,4.067,h264,1.77778,
Family,Son,17.MOV,c:\Users\ACER NITRO\Documents\GitHub\FSL-PROJECT-DESIGN\BETTER\Training\Videos\Family\Son\17.MOV,640,360,640x360,60.0,244,4.067,h264,1.77778,
Family,Son,18.MOV,c:\Users\ACER NITRO\Documents\GitHub\FSL-PROJECT-DESIGN\BETTER\Training\Videos\Family\Son\18.MOV,640,360,640x360,60.0,244,4.067,h264,1.77778,
Family,Son,19.MOV,c:\Users\ACER NITRO\Documents\GitHub\FSL-PROJECT-DESIGN\BETTER\Training\Videos\Family\Son\19.MOV,640,360,640x360,60.0,244,4.067,h264,1.77778,
Family,Son,2.MOV,c:\Users\ACER NITRO\Documents\GitHub\FSL-PROJECT-DESIGN\BETTER\Training\Videos\Family\Son\2.MOV,640,360,640x360,60.0,244,4.067,h264,1.77778,
Family,Son,3.MOV,c:\Users\ACER NITRO\Documents\GitHub\FSL-PROJECT-DESIGN\BETTER\Training\Videos\Family\Son\3.MOV,640,360,640x360,60.0,244,4.067,h264,1.77778,
Family,Son,4.MOV,c:\Users\ACER NITRO\Documents\GitHub\FSL-PROJECT-DESIGN\BETTER\Training\Videos\Family\Son\4.MOV,640,360,640x360,60.0,244,4.067,h264,1.77778,
Family,Son,5.MOV,c:\Users\ACER NITRO\Documents\GitHub\FSL-PROJECT-DESIGN\BETTER\Training\Videos\Family\Son\5.MOV,640,360,640x360,60.0,244,4.067,h264,1.77778,
Family,Son,6.MOV,c:\Users\ACER NITRO\Documents\GitHub\FSL-PROJECT-DESIGN\BETTER\Training\Videos\Family\Son\6.MOV,640,360,640x360,60.0,244,4.067,h264,1.77778,
Family,Son,7.MOV,c:\Users\ACER NITRO\Documents\GitHub\FSL-PROJECT-DESIGN\BETTER\Training\Videos\Family\Son\7.MOV,640,360,640x360,60.0,244,4.067,h264,1.77778,
Family,Son,8.MOV,c:\Users\ACER NITRO\Documents\GitHub\FSL-PROJECT-DESIGN\BETTER\Training\Videos\Family\Son\8.MOV,640,360,640x360,60.0,244,4.067,h264,1.77778,
Family,Son,9.MOV,c:\Users\ACER NITRO\Documents\GitHub\FSL-PROJECT-DESIGN\BETTER\Training\Videos\Family\Son\9.MOV,640,360,640x360,60.0,244,4.067,h264,1.77778,
Numbers,Five,0.MOV,c:\Users\ACER NITRO\Documents\GitHub\FSL-PROJECT-DESIGN\BETTER\Training\Videos\Numbers\Five\0.MOV,640,360,640x360,60.0,244,4.067,h264,1.77778,
Numbers,Five,1.MOV,c:\Users\ACER NITRO\Documents\GitHub\FSL-PROJECT-DESIGN\BETTER\Training\Videos\Numbers\Five\1.MOV,640,360,640x360,60.0,244,4.067,h264,1.77778,
Numbers,Five,10.MOV,c:\Users\ACER NITRO\Documents\GitHub\FSL-PROJECT-DESIGN\BETTER\Training\Videos\Numbers\Five\10.MOV,640,360,640x360,60.0,244,4.067,h264,1.77778,
Numbers,Five,11.MOV,c:\Users\ACER NITRO\Documents\GitHub\FSL-PROJECT-DESIGN\BETTER\Training\Videos\Numbers\Five\11.MOV,640,360,640x360,60.0,244,4.067,h264,1.77778,
Numbers,Five,12.MOV,c:\Users\ACER NITRO\Documents\GitHub\FSL-PROJECT-DESIGN\BETTER\Training\Videos\Numbers\Five\12.MOV,640,360,640x360,60.0,244,4.067,h264,1.77778,
Numbers,Five,13.MOV,c:\Users\ACER NITRO\Documents\GitHub\FSL-PROJECT-DESIGN\BETTER\Training\Videos\Numbers\Five\13.MOV,640,360,640x360,60.0,244,4.067,h264,1.77778,
Numbers,Five,14.MOV,c:\Users\ACER NITRO\Documents\GitHub\FSL-PROJECT-DESIGN\BETTER\Training\Videos\Numbers\Five\14.MOV,640,360,640x360,60.0,244,4.067,h264,1.77778,
Numbers,Five,15.MOV,c:\Users\ACER NITRO\Documents\GitHub\FSL-PROJECT-DESIGN\BETTER\Training\Videos\Numbers\Five\15.MOV,640,360,640x360,60.0,244,4.067,h264,1.77778,
Numbers,Five,16.MOV,c:\Users\ACER NITRO\Documents\GitHub\FSL-PROJECT-DESIGN\BETTER\Training\Videos\Numbers\Five\16.MOV,640,360,640x360,60.0,244,4.067,h264,1.77778,
Numbers,Five,17.MOV,c:\Users\ACER NITRO\Documents\GitHub\FSL-PROJECT-DESIGN\BETTER\Training\Videos\Numbers\Five\17.MOV,640,360,640x360,60.0,244,4.067,h264,1.77778,
Numbers,Five,18.MOV,c:\Users\ACER NITRO\Documents\GitHub\FSL-PROJECT-DESIGN\BETTER\Training\Videos\Numbers\Five\18.MOV,640,360,640x360,60.0,244,4.067,h264,1.77778,
Numbers,Five,19.MOV,c:\Users\ACER NITRO\Documents\GitHub\FSL-PROJECT-DESIGN\BETTER\Training\Videos\Numbers\Five\19.MOV,640,360,640x360,60.0,244,4.067,h264,1.77778,
Numbers,Five,2.MOV,c:\Users\ACER NITRO\Documents\GitHub\FSL-PROJECT-DESIGN\BETTER\Training\Videos\Numbers\Five\2.MOV,640,360,640x360,60.0,244,4.067,h264,1.77778,
Numbers,Five,3.MOV,c:\Users\ACER NITRO\Documents\GitHub\FSL-PROJECT-DESIGN\BETTER\Training\Videos\Numbers\Five\3.MOV,640,360,640x360,60.0,244,4.067,h264,1.77778,
Numbers,Five,4.MOV,c:\Users\ACER NITRO\Documents\GitHub\FSL-PROJECT-DESIGN\BETTER\Training\Videos\Numbers\Five\4.MOV,640,360,640x360,60.0,244,4.067,h264,1.77778,
Numbers,Five,5.MOV,c:\Users\ACER NITRO\Documents\GitHub\FSL-PROJECT-DESIGN\BETTER\Training\Videos\Numbers\Five\5.MOV,640,360,640x360,60.0,244,4.067,h264,1.77778,
Numbers,Five,6.MOV,c:\Users\ACER NITRO\Documents\GitHub\FSL-PROJECT-DESIGN\BETTER\Training\Videos\Numbers\Five\6.MOV,640,360,640x360,60.0,244,4.067,h264,1.77778,
Numbers,Five,7.MOV,c:\Users\ACER NITRO\Documents\GitHub\FSL-PROJECT-DESIGN\BETTER\Training\Videos\Numbers\Five\7.MOV,640,360,640x360,60.0,244,4.067,h264,1.77778,
Numbers,Five,8.MOV,c:\Users\ACER NITRO\Documents\GitHub\FSL-PROJECT-DESIGN\BETTER\Training\Videos\Numbers\Five\8.MOV,640,360,640x360,60.0,244,4.067,h264,1.77778,
Numbers,Five,9.MOV,c:\Users\ACER NITRO\Documents\GitHub\FSL-PROJECT-DESIGN\BETTER\Training\Videos\Numbers\Five\9.MOV,640,360,640x360,60.0,244,4.067,h264,1.77778,
Numbers,Four,0.MOV,c:\Users\ACER NITRO\Documents\GitHub\FSL-PROJECT-DESIGN\BETTER\Training\Videos\Numbers\Four\0.MOV,640,360,640x360,60.0,244,4.067,h264,1.77778,
Numbers,Four,1.MOV,c:\Users\ACER NITRO\Documents\GitHub\FSL-PROJECT-DESIGN\BETTER\Training\Videos\Numbers\Four\1.MOV,640,360,640x360,60.0,244,4.067,h264,1.77778,
Numbers,Four,10.MOV,c:\Users\ACER NITRO\Documents\GitHub\FSL-PROJECT-DESIGN\BETTER\Training\Videos\Numbers\Four\10.MOV,640,360,640x360,60.0,244,4.067,h264,1.77778,
Numbers,Four,11.MOV,c:\Users\ACER NITRO\Documents\GitHub\FSL-PROJECT-DESIGN\BETTER\Training\Videos\Numbers\Four\11.MOV,640,360,640x360,60.0,244,4.067,h264,1.77778,
Numbers,Four,12.MOV,c:\Users\ACER NITRO\Documents\GitHub\FSL-PROJECT-DESIGN\BETTER\Training\Videos\Numbers\Four\12.MOV,640,360,640x360,60.0,244,4.067,h264,1.77778,
Numbers,Four,13.MOV,c:\Users\ACER NITRO\Documents\GitHub\FSL-PROJECT-DESIGN\BETTER\Training\Videos\Numbers\Four\13.MOV,640,360,640x360,60.0,244,4.067,h264,1.77778,
Numbers,Four,14.MOV,c:\Users\ACER NITRO\Documents\GitHub\FSL-PROJECT-DESIGN\BETTER\Training\Videos\Numbers\Four\14.MOV,640,360,640x360,60.0,244,4.067,h264,1.77778,
Numbers,Four,15.MOV,c:\Users\ACER NITRO\Documents\GitHub\FSL-PROJECT-DESIGN\BETTER\Training\Videos\Numbers\Four\15.MOV,640,360,640x360,60.0,244,4.067,h264,1.77778,
Numbers,Four,16.MOV,c:\Users\ACER NITRO\Documents\GitHub\FSL-PROJECT-DESIGN\BETTER\Training\Videos\Numbers\Four\16.MOV,640,360,640x360,60.0,244,4.067,h264,1.77778,
Numbers,Four,17.MOV,c:\Users\ACER NITRO\Documents\GitHub\FSL-PROJECT-DESIGN\BETTER\Training\Videos\Numbers\Four\17.MOV,640,360,640x360,60.0,244,4.067,h264,1.77778,
Numbers,Four,18.MOV,c:\Users\ACER NITRO\Documents\GitHub\FSL-PROJECT-DESIGN\BETTER\Training\Videos\Numbers\Four\18.MOV,640,360,640x360,60.0,244,4.067,h264,1.77778,
Numbers,Four,2.MOV,c:\Users\ACER NITRO\Documents\GitHub\FSL-PROJECT-DESIGN\BETTER\Training\Videos\Numbers\Four\2.MOV,640,360,640x360,60.0,244,4.067,h264,1.77778,
Numbers,Four,3.MOV,c:\Users\ACER NITRO\Documents\GitHub\FSL-PROJECT-DESIGN\BETTER\Training\Videos\Numbers\Four\3.MOV,640,360,640x360,60.0,244,4.067,h264,1.77778,
Numbers,Four,4.MOV,c:\Users\ACER NITRO\Documents\GitHub\FSL-PROJECT-DESIGN\BETTER\Training\Videos\Numbers\Four\4.MOV,640,360,640x360,60.0,244,4.067,h264,1.77778,
Numbers,Four,5.MOV,c:\Users\ACER NITRO\Documents\GitHub\FSL-PROJECT-DESIGN\BETTER\Training\Videos\Numbers\Four\5.MOV,640,360,640x360,60.0,244,4.067,h264,1.77778,
Numbers,Four,6.MOV,c:\Users\ACER NITRO\Documents\GitHub\FSL-PROJECT-DESIGN\BETTER\Training\Videos\Numbers\Four\6.MOV,640,360,640x360,60.0,244,4.067,h264,1.77778,
Numbers,Four,7.MOV,c:\Users\ACER NITRO\Documents\GitHub\FSL-PROJECT-DESIGN\BETTER\Training\Videos\Numbers\Four\7.MOV,640,360,640x360,60.0,244,4.067,h264,1.77778,
Numbers,Four,8.MOV,c:\Users\ACER NITRO\Documents\GitHub\FSL-PROJECT-DESIGN\BETTER\Training\Videos\Numbers\Four\8.MOV,640,360,640x360,60.0,244,4.067,h264,1.77778,
Numbers,Four,9.MOV,c:\Users\ACER NITRO\Documents\GitHub\FSL-PROJECT-DESIGN\BETTER\Training\Videos\Numbers\Four\9.MOV,640,360,640x360,60.0,244,4.067,h264,1.77778,
Numbers,One,0.MOV,c:\Users\ACER NITRO\Documents\GitHub\FSL-PROJECT-DESIGN\BETTER\Training\Videos\Numbers\One\0.MOV,640,360,640x360,60.0,245,4.083,h264,1.77778,
Numbers,One,1.MOV,c:\Users\ACER NITRO\Documents\GitHub\FSL-PROJECT-DESIGN\BETTER\Training\Videos\Numbers\One\1.MOV,640,360,640x360,60.0,245,4.083,h264,1.77778,
Numbers,One,10.MOV,c:\Users\ACER NITRO\Documents\GitHub\FSL-PROJECT-DESIGN\BETTER\Training\Videos\Numbers\One\10.MOV,640,360,640x360,60.0,245,4.083,h264,1.77778,
Numbers,One,11.MOV,c:\Users\ACER NITRO\Documents\GitHub\FSL-PROJECT-DESIGN\BETTER\Training\Videos\Numbers\One\11.MOV,640,360,640x360,60.0,245,4.083,h264,1.77778,
Numbers,One,12.MOV,c:\Users\ACER NITRO\Documents\GitHub\FSL-PROJECT-DESIGN\BETTER\Training\Videos\Numbers\One\12.MOV,640,360,640x360,60.0,244,4.067,h264,1.77778,
Numbers,One,13.MOV,c:\Users\ACER NITRO\Documents\GitHub\FSL-PROJECT-DESIGN\BETTER\Training\Videos\Numbers\One\13.MOV,640,360,640x360,60.0,244,4.067,h264,1.77778,
Numbers,One,14.MOV,c:\Users\ACER NITRO\Documents\GitHub\FSL-PROJECT-DESIGN\BETTER\Training\Videos\Numbers\One\14.MOV,640,360,640x360,60.0,244,4.067,h264,1.77778,
Numbers,One,15.MOV,c:\Users\ACER NITRO\Documents\GitHub\FSL-PROJECT-DESIGN\BETTER\Training\Videos\Numbers\One\15.MOV,640,360,640x360,60.0,245,4.083,h264,1.77778,
Numbers,One,16.MOV,c:\Users\ACER NITRO\Documents\GitHub\FSL-PROJECT-DESIGN\BETTER\Training\Videos\Numbers\One\16.MOV,640,360,640x360,60.0,245,4.083,h264,1.77778,
Numbers,One,17.MOV,c:\Users\ACER NITRO\Documents\GitHub\FSL-PROJECT-DESIGN\BETTER\Training\Videos\Numbers\One\17.MOV,640,360,640x360,60.0,244,4.067,h264,1.77778,
Numbers,One,18.MOV,c:\Users\ACER NITRO\Documents\GitHub\FSL-PROJECT-DESIGN\BETTER\Training\Videos\Numbers\One\18.MOV,640,360,640x360,60.0,244,4.067,h264,1.77778,
Numbers,One,19.MOV,c:\Users\ACER NITRO\Documents\GitHub\FSL-PROJECT-DESIGN\BETTER\Training\Videos\Numbers\One\19.MOV,640,360,640x360,60.0,244,4.067,h264,1.77778,
Numbers,One,2.MOV,c:\Users\ACER NITRO\Documents\GitHub\FSL-PROJECT-DESIGN\BETTER\Training\Videos\Numbers\One\2.MOV,640,360,640x360,60.0,244,4.067,h264,1.77778,
Numbers,One,3.MOV,c:\Users\ACER NITRO\Documents\GitHub\FSL-PROJECT-DESIGN\BETTER\Training\Videos\Numbers\One\3.MOV,640,360,640x360,60.0,244,4.067,h264,1.77778,
Numbers,One,4.MOV,c:\Users\ACER NITRO\Documents\GitHub\FSL-PROJECT-DESIGN\BETTER\Training\Videos\Numbers\One\4.MOV,640,360,640x360,60.0,244,4.067,h264,1.77778,
Numbers,One,5.MOV,c:\Users\ACER NITRO\Documents\GitHub\FSL-PROJECT-DESIGN\BETTER\Training\Videos\Numbers\One\5.MOV,640,360,640x360,60.0,245,4.083,h264,1.77778,
Numbers,One,6.MOV,c:\Users\ACER NITRO\Documents\GitHub\FSL-PROJECT-DESIGN\BETTER\Training\Videos\Numbers\One\6.MOV,640,360,640x360,60.0,244,4.067,h264,1.77778,
Numbers,One,7.MOV,c:\Users\ACER NITRO\Documents\GitHub\FSL-PROJECT-DESIGN\BETTER\Training\Videos\Numbers\One\7.MOV,640,360,640x360,60.0,244,4.067,h264,1.77778,
Numbers,One,8.MOV,c:\Users\ACER NITRO\Documents\GitHub\FSL-PROJECT-DESIGN\BETTER\Training\Videos\Numbers\One\8.MOV,640,360,640x360,60.0,244,4.067,h264,1.77778,
Numbers,One,9.MOV,c:\Users\ACER NITRO\Documents\GitHub\FSL-PROJECT-DESIGN\BETTER\Training\Videos\Numbers\One\9.MOV,640,360,640x360,60.0,244,4.067,h264,1.77778,
Numbers,Three,0.MOV,c:\Users\ACER NITRO\Documents\GitHub\FSL-PROJECT-DESIGN\BETTER\Training\Videos\Numbers\Three\0.MOV,640,360,640x360,60.0,244,4.067,h264,1.77778,
Numbers,Three,1.MOV,c:\Users\ACER NITRO\Documents\GitHub\FSL-PROJECT-DESIGN\BETTER\Training\Videos\Numbers\Three\1.MOV,640,360,640x360,60.0,244,4.067,h264,1.77778,
Numbers,Three,10.MOV,c:\Users\ACER NITRO\Documents\GitHub\FSL-PROJECT-DESIGN\BETTER\Training\Videos\Numbers\Three\10.MOV,640,360,640x360,60.0,244,4.067,h264,1.77778,
Numbers,Three,11.MOV,c:\Users\ACER NITRO\Documents\GitHub\FSL-PROJECT-DESIGN\BETTER\Training\Videos\Numbers\Three\11.MOV,640,360,640x360,60.0,244,4.067,h264,1.77778,
Numbers,Three,12.MOV,c:\Users\ACER NITRO\Documents\GitHub\FSL-PROJECT-DESIGN\BETTER\Training\Videos\Numbers\Three\12.MOV,640,360,640x360,60.0,244,4.067,h264,1.77778,
Numbers,Three,13.MOV,c:\Users\ACER NITRO\Documents\GitHub\FSL-PROJECT-DESIGN\BETTER\Training\Videos\Numbers\Three\13.MOV,640,360,640x360,60.0,244,4.067,h264,1.77778,
Numbers,Three,14.MOV,c:\Users\ACER NITRO\Documents\GitHub\FSL-PROJECT-DESIGN\BETTER\Training\Videos\Numbers\Three\14.MOV,640,360,640x360,60.0,244,4.067,h264,1.77778,
Numbers,Three,15.MOV,c:\Users\ACER NITRO\Documents\GitHub\FSL-PROJECT-DESIGN\BETTER\Training\Videos\Numbers\Three\15.MOV,640,360,640x360,60.0,244,4.067,h264,1.77778,
Numbers,Three,16.MOV,c:\Users\ACER NITRO\Documents\GitHub\FSL-PROJECT-DESIGN\BETTER\Training\Videos\Numbers\Three\16.MOV,640,360,640x360,60.0,244,4.067,h264,1.77778,
Numbers,Three,17.MOV,c:\Users\ACER NITRO\Documents\GitHub\FSL-PROJECT-DESIGN\BETTER\Training\Videos\Numbers\Three\17.MOV,640,360,640x360,60.0,244,4.067,h264,1.77778,
Numbers,Three,18.MOV,c:\Users\ACER NITRO\Documents\GitHub\FSL-PROJECT-DESIGN\BETTER\Training\Videos\Numbers\Three\18.MOV,640,360,640x360,60.0,244,4.067,h264,1.77778,
Numbers,Three,19.MOV,c:\Users\ACER NITRO\Documents\GitHub\FSL-PROJECT-DESIGN\BETTER\Training\Videos\Numbers\Three\19.MOV,640,360,640x360,60.0,244,4.067,h264,1.77778,
Numbers,Three,2.MOV,c:\Users\ACER NITRO\Documents\GitHub\FSL-PROJECT-DESIGN\BETTER\Training\Videos\Numbers\Three\2.MOV,640,360,640x360,60.0,244,4.067,h264,1.77778,
Numbers,Three,3.MOV,c:\Users\ACER NITRO\Documents\GitHub\FSL-PROJECT-DESIGN\BETTER\Training\Videos\Numbers\Three\3.MOV,640,360,640x360,60.0,244,4.067,h264,1.77778,
Numbers,Three,4.MOV,c:\Users\ACER NITRO\Documents\GitHub\FSL-PROJECT-DESIGN\BETTER\Training\Videos\Numbers\Three\4.MOV,640,360,640x360,60.0,244,4.067,h264,1.77778,
Numbers,Three,5.MOV,c:\Users\ACER NITRO\Documents\GitHub\FSL-PROJECT-DESIGN\BETTER\Training\Videos\Numbers\Three\5.MOV,640,360,640x360,60.0,244,4.067,h264,1.77778,
Numbers,Three,6.MOV,c:\Users\ACER NITRO\Documents\GitHub\FSL-PROJECT-DESIGN\BETTER\Training\Videos\Numbers\Three\6.MOV,640,360,640x360,60.0,244,4.067,h264,1.77778,
Numbers,Three,7.MOV,c:\Users\ACER NITRO\Documents\GitHub\FSL-PROJECT-DESIGN\BETTER\Training\Videos\Numbers\Three\7.MOV,640,360,640x360,60.0,244,4.067,h264,1.77778,
Numbers,Three,8.MOV,c:\Users\ACER NITRO\Documents\GitHub\FSL-PROJECT-DESIGN\BETTER\Training\Videos\Numbers\Three\8.MOV,640,360,640x360,60.0,244,4.067,h264,1.77778,
Numbers,Three,9.MOV,c:\Users\ACER NITRO\Documents\GitHub\FSL-PROJECT-DESIGN\BETTER\Training\Videos\Numbers\Three\9.MOV,640,360,640x360,60.0,244,4.067,h264,1.77778,
Numbers,Two,0.MOV,c:\Users\ACER NITRO\Documents\GitHub\FSL-PROJECT-DESIGN\BETTER\Training\Videos\Numbers\Two\0.MOV,640,360,640x360,60.0,244,4.067,h264,1.77778,
Numbers,Two,1.MOV,c:\Users\ACER NITRO\Documents\GitHub\FSL-PROJECT-DESIGN\BETTER\Training\Videos\Numbers\Two\1.MOV,640,360,640x360,60.0,244,4.067,h264,1.77778,
Numbers,Two,10.MOV,c:\Users\ACER NITRO\Documents\GitHub\FSL-PROJECT-DESIGN\BETTER\Training\Videos\Numbers\Two\10.MOV,640,360,640x360,60.0,244,4.067,h264,1.77778,
Numbers,Two,11.MOV,c:\Users\ACER NITRO\Documents\GitHub\FSL-PROJECT-DESIGN\BETTER\Training\Videos\Numbers\Two\11.MOV,640,360,640x360,60.0,244,4.067,h264,1.77778,
Numbers,Two,12.MOV,c:\Users\ACER NITRO\Documents\GitHub\FSL-PROJECT-DESIGN\BETTER\Training\Videos\Numbers\Two\12.MOV,640,360,640x360,60.0,244,4.067,h264,1.77778,
Numbers,Two,13.MOV,c:\Users\ACER NITRO\Documents\GitHub\FSL-PROJECT-DESIGN\BETTER\Training\Videos\Numbers\Two\13.MOV,640,360,640x360,60.0,244,4.067,h264,1.77778,
Numbers,Two,14.MOV,c:\Users\ACER NITRO\Documents\GitHub\FSL-PROJECT-DESIGN\BETTER\Training\Videos\Numbers\Two\14.MOV,640,360,640x360,60.0,244,4.067,h264,1.77778,
Numbers,Two,15.MOV,c:\Users\ACER NITRO\Documents\GitHub\FSL-PROJECT-DESIGN\BETTER\Training\Videos\Numbers\Two\15.MOV,640,360,640x360,60.0,244,4.067,h264,1.77778,
Numbers,Two,16.MOV,c:\Users\ACER NITRO\Documents\GitHub\FSL-PROJECT-DESIGN\BETTER\Training\Videos\Numbers\Two\16.MOV,640,360,640x360,60.0,244,4.067,h264,1.77778,
Numbers,Two,17.MOV,c:\Users\ACER NITRO\Documents\GitHub\FSL-PROJECT-DESIGN\BETTER\Training\Videos\Numbers\Two\17.MOV,640,360,640x360,60.0,244,4.067,h264,1.77778,
Numbers,Two,18.MOV,c:\Users\ACER NITRO\Documents\GitHub\FSL-PROJECT-DESIGN\BETTER\Training\Videos\Numbers\Two\18.MOV,640,360,640x360,60.0,244,4.067,h264,1.77778,
Numbers,Two,19.MOV,c:\Users\ACER NITRO\Documents\GitHub\FSL-PROJECT-DESIGN\BETTER\Training\Videos\Numbers\Two\19.MOV,640,360,640x360,60.0,244,4.067,h264,1.77778,
Numbers,Two,2.MOV,c:\Users\ACER NITRO\Documents\GitHub\FSL-PROJECT-DESIGN\BETTER\Training\Videos\Numbers\Two\2.MOV,640,360,640x360,60.0,244,4.067,h264,1.77778,
Numbers,Two,3.MOV,c:\Users\ACER NITRO\Documents\GitHub\FSL-PROJECT-DESIGN\BETTER\Training\Videos\Numbers\Two\3.MOV,640,360,640x360,60.0,244,4.067,h264,1.77778,
Numbers,Two,4.MOV,c:\Users\ACER NITRO\Documents\GitHub\FSL-PROJECT-DESIGN\BETTER\Training\Videos\Numbers\Two\4.MOV,640,360,640x360,60.0,244,4.067,h264,1.77778,
Numbers,Two,5.MOV,c:\Users\ACER NITRO\Documents\GitHub\FSL-PROJECT-DESIGN\BETTER\Training\Videos\Numbers\Two\5.MOV,640,360,640x360,60.0,244,4.067,h264,1.77778,
Numbers,Two,6.MOV,c:\Users\ACER NITRO\Documents\GitHub\FSL-PROJECT-DESIGN\BETTER\Training\Videos\Numbers\Two\6.MOV,640,360,640x360,60.0,244,4.067,h264,1.77778,
Numbers,Two,7.MOV,c:\Users\ACER NITRO\Documents\GitHub\FSL-PROJECT-DESIGN\BETTER\Training\Videos\Numbers\Two\7.MOV,640,360,640x360,60.0,244,4.067,h264,1.77778,
Numbers,Two,8.MOV,c:\Users\ACER NITRO\Documents\GitHub\FSL-PROJECT-DESIGN\BETTER\Training\Videos\Numbers\Two\8.MOV,640,360,640x360,60.0,244,4.067,h264,1.77778,
Numbers,Two,9.MOV,c:\Users\ACER NITRO\Documents\GitHub\FSL-PROJECT-DESIGN\BETTER\Training\Videos\Numbers\Two\9.MOV,640,360,640x360,60.0,244,4.067,h264,1.77778,
Relationship,Boy,0.MOV,c:\Users\ACER NITRO\Documents\GitHub\FSL-PROJECT-DESIGN\BETTER\Training\Videos\Relationship\Boy\0.MOV,640,360,640x360,60.0,244,4.067,h264,1.77778,
Relationship,Boy,1.MOV,c:\Users\ACER NITRO\Documents\GitHub\FSL-PROJECT-DESIGN\BETTER\Training\Videos\Relationship\Boy\1.MOV,640,360,640x360,60.0,244,4.067,h264,1.77778,
Relationship,Boy,10.MOV,c:\Users\ACER NITRO\Documents\GitHub\FSL-PROJECT-DESIGN\BETTER\Training\Videos\Relationship\Boy\10.MOV,640,360,640x360,60.0,244,4.067,h264,1.77778,
Relationship,Boy,11.MOV,c:\Users\ACER NITRO\Documents\GitHub\FSL-PROJECT-DESIGN\BETTER\Training\Videos\Relationship\Boy\11.MOV,640,360,640x360,60.0,245,4.083,h264,1.77778,
Relationship,Boy,12.MOV,c:\Users\ACER NITRO\Documents\GitHub\FSL-PROJECT-DESIGN\BETTER\Training\Videos\Relationship\Boy\12.MOV,640,360,640x360,60.0,245,4.083,h264,1.77778,
Relationship,Boy,13.MOV,c:\Users\ACER NITRO\Documents\GitHub\FSL-PROJECT-DESIGN\BETTER\Training\Videos\Relationship\Boy\13.MOV,640,360,640x360,60.0,244,4.067,h264,1.77778,
Relationship,Boy,14.MOV,c:\Users\ACER NITRO\Documents\GitHub\FSL-PROJECT-DESIGN\BETTER\Training\Videos\Relationship\Boy\14.MOV,640,360,640x360,60.0,244,4.067,h264,1.77778,
Relationship,Boy,15.MOV,c:\Users\ACER NITRO\Documents\GitHub\FSL-PROJECT-DESIGN\BETTER\Training\Videos\Relationship\Boy\15.MOV,640,360,640x360,60.0,244,4.067,h264,1.77778,
Relationship,Boy,16.MOV,c:\Users\ACER NITRO\Documents\GitHub\FSL-PROJECT-DESIGN\BETTER\Training\Videos\Relationship\Boy\16.MOV,640,360,640x360,60.0,245,4.083,h264,1.77778,
Relationship,Boy,17.MOV,c:\Users\ACER NITRO\Documents\GitHub\FSL-PROJECT-DESIGN\BETTER\Training\Videos\Relationship\Boy\17.MOV,640,360,640x360,60.0,244,4.067,h264,1.77778,
Relationship,Boy,18.MOV,c:\Users\ACER NITRO\Documents\GitHub\FSL-PROJECT-DESIGN\BETTER\Training\Videos\Relationship\Boy\18.MOV,640,360,640x360,60.0,244,4.067,h264,1.77778,
Relationship,Boy,19.MOV,c:\Users\ACER NITRO\Documents\GitHub\FSL-PROJECT-DESIGN\BETTER\Training\Videos\Relationship\Boy\19.MOV,640,360,640x360,60.0,244,4.067,h264,1.77778,
Relationship,Boy,2.MOV,c:\Users\ACER NITRO\Documents\GitHub\FSL-PROJECT-DESIGN\BETTER\Training\Videos\Relationship\Boy\2.MOV,640,360,640x360,60.0,244,4.067,h264,1.77778,
Relationship,Boy,20.MOV,c:\Users\ACER NITRO\Documents\GitHub\FSL-PROJECT-DESIGN\BETTER\Training\Videos\Relationship\Boy\20.MOV,640,360,640x360,60.0,244,4.067,h264,1.77778,
Relationship,Boy,3.MOV,c:\Users\ACER NITRO\Documents\GitHub\FSL-PROJECT-DESIGN\BETTER\Training\Videos\Relationship\Boy\3.MOV,640,360,640x360,60.0,244,4.067,h264,1.77778,
Relationship,Boy,4.MOV,c:\Users\ACER NITRO\Documents\GitHub\FSL-PROJECT-DESIGN\BETTER\Training\Videos\Relationship\Boy\4.MOV,640,360,640x360,60.0,244,4.067,h264,1.77778,
Relationship,Boy,5.MOV,c:\Users\ACER NITRO\Documents\GitHub\FSL-PROJECT-DESIGN\BETTER\Training\Videos\Relationship\Boy\5.MOV,640,360,640x360,60.0,245,4.083,h264,1.77778,
Relationship,Boy,6.MOV,c:\Users\ACER NITRO\Documents\GitHub\FSL-PROJECT-DESIGN\BETTER\Training\Videos\Relationship\Boy\6.MOV,640,360,640x360,60.0,245,4.083,h264,1.77778,
Relationship,Boy,7.MOV,c:\Users\ACER NITRO\Documents\GitHub\FSL-PROJECT-DESIGN\BETTER\Training\Videos\Relationship\Boy\7.MOV,640,360,640x360,60.0,244,4.067,h264,1.77778,
Relationship,Boy,8.MOV,c:\Users\ACER NITRO\Documents\GitHub\FSL-PROJECT-DESIGN\BETTER\Training\Videos\Relationship\Boy\8.MOV,640,360,640x360,60.0,244,4.067,h264,1.77778,
Relationship,Boy,9.MOV,c:\Users\ACER NITRO\Documents\GitHub\FSL-PROJECT-DESIGN\BETTER\Training\Videos\Relationship\Boy\9.MOV,640,360,640x360,60.0,244,4.067,h264,1.77778,
Relationship,Girl,0.MOV,c:\Users\ACER NITRO\Documents\GitHub\FSL-PROJECT-DESIGN\BETTER\Training\Videos\Relationship\Girl\0.MOV,640,360,640x360,60.0,244,4.067,h264,1.77778,
Relationship,Girl,1.MOV,c:\Users\ACER NITRO\Documents\GitHub\FSL-PROJECT-DESIGN\BETTER\Training\Videos\Relationship\Girl\1.MOV,640,360,640x360,60.0,244,4.067,h264,1.77778,
Relationship,Girl,10.MOV,c:\Users\ACER NITRO\Documents\GitHub\FSL-PROJECT-DESIGN\BETTER\Training\Videos\Relationship\Girl\10.MOV,640,360,640x360,60.0,244,4.067,h264,1.77778,
Relationship,Girl,11.MOV,c:\Users\ACER NITRO\Documents\GitHub\FSL-PROJECT-DESIGN\BETTER\Training\Videos\Relationship\Girl\11.MOV,640,360,640x360,60.0,244,4.067,h264,1.77778,
Relationship,Girl,12.MOV,c:\Users\ACER NITRO\Documents\GitHub\FSL-PROJECT-DESIGN\BETTER\Training\Videos\Relationship\Girl\12.MOV,640,360,640x360,60.0,244,4.067,h264,1.77778,
Relationship,Girl,13.MOV,c:\Users\ACER NITRO\Documents\GitHub\FSL-PROJECT-DESIGN\BETTER\Training\Videos\Relationship\Girl\13.MOV,640,360,640x360,60.0,244,4.067,h264,1.77778,
Relationship,Girl,14.MOV,c:\Users\ACER NITRO\Documents\GitHub\FSL-PROJECT-DESIGN\BETTER\Training\Videos\Relationship\Girl\14.MOV,640,360,640x360,60.0,244,4.067,h264,1.77778,
Relationship,Girl,15.MOV,c:\Users\ACER NITRO\Documents\GitHub\FSL-PROJECT-DESIGN\BETTER\Training\Videos\Relationship\Girl\15.MOV,640,360,640x360,60.0,244,4.067,h264,1.77778,
Relationship,Girl,16.MOV,c:\Users\ACER NITRO\Documents\GitHub\FSL-PROJECT-DESIGN\BETTER\Training\Videos\Relationship\Girl\16.MOV,640,360,640x360,60.0,244,4.067,h264,1.77778,
Relationship,Girl,17.MOV,c:\Users\ACER NITRO\Documents\GitHub\FSL-PROJECT-DESIGN\BETTER\Training\Videos\Relationship\Girl\17.MOV,640,360,640x360,60.0,244,4.067,h264,1.77778,
Relationship,Girl,18.MOV,c:\Users\ACER NITRO\Documents\GitHub\FSL-PROJECT-DESIGN\BETTER\Training\Videos\Relationship\Girl\18.MOV,640,360,640x360,60.0,244,4.067,h264,1.77778,
Relationship,Girl,19.MOV,c:\Users\ACER NITRO\Documents\GitHub\FSL-PROJECT-DESIGN\BETTER\Training\Videos\Relationship\Girl\19.MOV,640,360,640x360,60.0,244,4.067,h264,1.77778,
Relationship,Girl,2.MOV,c:\Users\ACER NITRO\Documents\GitHub\FSL-PROJECT-DESIGN\BETTER\Training\Videos\Relationship\Girl\2.MOV,640,360,640x360,60.0,244,4.067,h264,1.77778,
Relationship,Girl,3.MOV,c:\Users\ACER NITRO\Documents\GitHub\FSL-PROJECT-DESIGN\BETTER\Training\Videos\Relationship\Girl\3.MOV,640,360,640x360,60.0,244,4.067,h264,1.77778,
Relationship,Girl,4.MOV,c:\Users\ACER NITRO\Documents\GitHub\FSL-PROJECT-DESIGN\BETTER\Training\Videos\Relationship\Girl\4.MOV,640,360,640x360,60.0,244,4.067,h264,1.77778,
Relationship,Girl,5.MOV,c:\Users\ACER NITRO\Documents\GitHub\FSL-PROJECT-DESIGN\BETTER\Training\Videos\Relationship\Girl\5.MOV,640,360,640x360,60.0,244,4.067,h264,1.77778,
Relationship,Girl,6.MOV,c:\Users\ACER NITRO\Documents\GitHub\FSL-PROJECT-DESIGN\BETTER\Training\Videos\Relationship\Girl\6.MOV,640,360,640x360,60.0,244,4.067,h264,1.77778,
Relationship,Girl,7.MOV,c:\Users\ACER NITRO\Documents\GitHub\FSL-PROJECT-DESIGN\BETTER\Training\Videos\Relationship\Girl\7.MOV,640,360,640x360,60.0,244,4.067,h264,1.77778,
Relationship,Girl,8.MOV,c:\Users\ACER NITRO\Documents\GitHub\FSL-PROJECT-DESIGN\BETTER\Training\Videos\Relationship\Girl\8.MOV,640,360,640x360,60.0,244,4.067,h264,1.77778,
Relationship,Girl,9.MOV,c:\Users\ACER NITRO\Documents\GitHub\FSL-PROJECT-DESIGN\BETTER\Training\Videos\Relationship\Girl\9.MOV,640,360,640x360,60.0,244,4.067,h264,1.77778,
Survival,Correct,0.MOV,c:\Users\ACER NITRO\Documents\GitHub\FSL-PROJECT-DESIGN\BETTER\Training\Videos\Survival\Correct\0.MOV,640,360,640x360,60.0,243,4.05,h264,1.77778,
Survival,Correct,1.MOV,c:\Users\ACER NITRO\Documents\GitHub\FSL-PROJECT-DESIGN\BETTER\Training\Videos\Survival\Correct\1.MOV,640,360,640x360,60.0,243,4.05,h264,1.77778,
Survival,Correct,10.MOV,c:\Users\ACER NITRO\Documents\GitHub\FSL-PROJECT-DESIGN\BETTER\Training\Videos\Survival\Correct\10.MOV,640,360,640x360,60.0,243,4.05,h264,1.77778,
Survival,Correct,11.MOV,c:\Users\ACER NITRO\Documents\GitHub\FSL-PROJECT-DESIGN\BETTER\Training\Videos\Survival\Correct\11.MOV,640,360,640x360,60.0,243,4.05,h264,1.77778,
Survival,Correct,12.MOV,c:\Users\ACER NITRO\Documents\GitHub\FSL-PROJECT-DESIGN\BETTER\Training\Videos\Survival\Correct\12.MOV,640,360,640x360,60.0,243,4.05,h264,1.77778,
Survival,Correct,13.MOV,c:\Users\ACER NITRO\Documents\GitHub\FSL-PROJECT-DESIGN\BETTER\Training\Videos\Survival\Correct\13.MOV,640,360,640x360,60.0,243,4.05,h264,1.77778,
Survival,Correct,14.MOV,c:\Users\ACER NITRO\Documents\GitHub\FSL-PROJECT-DESIGN\BETTER\Training\Videos\Survival\Correct\14.MOV,640,360,640x360,60.0,243,4.05,h264,1.77778,
Survival,Correct,15.MOV,c:\Users\ACER NITRO\Documents\GitHub\FSL-PROJECT-DESIGN\BETTER\Training\Videos\Survival\Correct\15.MOV,640,360,640x360,60.0,243,4.05,h264,1.77778,
Survival,Correct,16.MOV,c:\Users\ACER NITRO\Documents\GitHub\FSL-PROJECT-DESIGN\BETTER\Training\Videos\Survival\Correct\16.MOV,640,360,640x360,60.0,243,4.05,h264,1.77778,
Survival,Correct,17.MOV,c:\Users\ACER NITRO\Documents\GitHub\FSL-PROJECT-DESIGN\BETTER\Training\Videos\Survival\Correct\17.MOV,640,360,640x360,60.0,243,4.05,h264,1.77778,
Survival,Correct,18.MOV,c:\Users\ACER NITRO\Documents\GitHub\FSL-PROJECT-DESIGN\BETTER\Training\Videos\Survival\Correct\18.MOV,640,360,640x360,60.0,243,4.05,h264,1.77778,
Survival,Correct,19.MOV,c:\Users\ACER NITRO\Documents\GitHub\FSL-PROJECT-DESIGN\BETTER\Training\Videos\Survival\Correct\19.MOV,640,360,640x360,60.0,243,4.05,h264,1.77778,
Survival,Correct,2.MOV,c:\Users\ACER NITRO\Documents\GitHub\FSL-PROJECT-DESIGN\BETTER\Training\Videos\Survival\Correct\2.MOV,640,360,640x360,60.0,243,4.05,h264,1.77778,
Survival,Correct,20.MOV,c:\Users\ACER NITRO\Documents\GitHub\FSL-PROJECT-DESIGN\BETTER\Training\Videos\Survival\Correct\20.MOV,640,360,640x360,60.0,243,4.05,h264,1.77778,
Survival,Correct,21.MOV,c:\Users\ACER NITRO\Documents\GitHub\FSL-PROJECT-DESIGN\BETTER\Training\Videos\Survival\Correct\21.MOV,640,360,640x360,60.0,243,4.05,h264,1.77778,
Survival,Correct,3.MOV,c:\Users\ACER NITRO\Documents\GitHub\FSL-PROJECT-DESIGN\BETTER\Training\Videos\Survival\Correct\3.MOV,640,360,640x360,60.0,243,4.05,h264,1.77778,
Survival,Correct,4.MOV,c:\Users\ACER NITRO\Documents\GitHub\FSL-PROJECT-DESIGN\BETTER\Training\Videos\Survival\Correct\4.MOV,640,360,640x360,60.0,243,4.05,h264,1.77778,
Survival,Correct,5.MOV,c:\Users\ACER NITRO\Documents\GitHub\FSL-PROJECT-DESIGN\BETTER\Training\Videos\Survival\Correct\5.MOV,640,360,640x360,60.0,243,4.05,h264,1.77778,
Survival,Correct,6.MOV,c:\Users\ACER NITRO\Documents\GitHub\FSL-PROJECT-DESIGN\BETTER\Training\Videos\Survival\Correct\6.MOV,640,360,640x360,60.0,243,4.05,h264,1.77778,
Survival,Correct,7.MOV,c:\Users\ACER NITRO\Documents\GitHub\FSL-PROJECT-DESIGN\BETTER\Training\Videos\Survival\Correct\7.MOV,640,360,640x360,60.0,243,4.05,h264,1.77778,
Survival,Correct,8.MOV,c:\Users\ACER NITRO\Documents\GitHub\FSL-PROJECT-DESIGN\BETTER\Training\Videos\Survival\Correct\8.MOV,640,360,640x360,60.0,243,4.05,h264,1.77778,
Survival,Correct,9.MOV,c:\Users\ACER NITRO\Documents\GitHub\FSL-PROJECT-DESIGN\BETTER\Training\Videos\Survival\Correct\9.MOV,640,360,640x360,60.0,243,4.05,h264,1.77778,
Survival,Don't Understand,0.MOV,c:\Users\ACER NITRO\Documents\GitHub\FSL-PROJECT-DESIGN\BETTER\Training\Videos\Survival\Don't Understand\0.MOV,640,360,640x360,60.0,244,4.067,h264,1.77778,
Survival,Don't Understand,1.MOV,c:\Users\ACER NITRO\Documents\GitHub\FSL-PROJECT-DESIGN\BETTER\Training\Videos\Survival\Don't Understand\1.MOV,640,360,640x360,60.0,244,4.067,h264,1.77778,
Survival,Don't Understand,10.MOV,c:\Users\ACER NITRO\Documents\GitHub\FSL-PROJECT-DESIGN\BETTER\Training\Videos\Survival\Don't Understand\10.MOV,640,360,640x360,60.0,244,4.067,h264,1.77778,
Survival,Don't Understand,11.MOV,c:\Users\ACER NITRO\Documents\GitHub\FSL-PROJECT-DESIGN\BETTER\Training\Videos\Survival\Don't Understand\11.MOV,640,360,640x360,60.0,244,4.067,h264,1.77778,
Survival,Don't Understand,12.MOV,c:\Users\ACER NITRO\Documents\GitHub\FSL-PROJECT-DESIGN\BETTER\Training\Videos\Survival\Don't Understand\12.MOV,640,360,640x360,60.0,244,4.067,h264,1.77778,
Survival,Don't Understand,13.MOV,c:\Users\ACER NITRO\Documents\GitHub\FSL-PROJECT-DESIGN\BETTER\Training\Videos\Survival\Don't Understand\13.MOV,640,360,640x360,60.0,244,4.067,h264,1.77778,
Survival,Don't Understand,14.MOV,c:\Users\ACER NITRO\Documents\GitHub\FSL-PROJECT-DESIGN\BETTER\Training\Videos\Survival\Don't Understand\14.MOV,640,360,640x360,60.0,244,4.067,h264,1.77778,
Survival,Don't Understand,15.MOV,c:\Users\ACER NITRO\Documents\GitHub\FSL-PROJECT-DESIGN\BETTER\Training\Videos\Survival\Don't Understand\15.MOV,640,360,640x360,60.0,244,4.067,h264,1.77778,
Survival,Don't Understand,16.MOV,c:\Users\ACER NITRO\Documents\GitHub\FSL-PROJECT-DESIGN\BETTER\Training\Videos\Survival\Don't Understand\16.MOV,640,360,640x360,60.0,244,4.067,h264,1.77778,
Survival,Don't Understand,17.MOV,c:\Users\ACER NITRO\Documents\GitHub\FSL-PROJECT-DESIGN\BETTER\Training\Videos\Survival\Don't Understand\17.MOV,640,360,640x360,60.0,244,4.067,h264,1.77778,
Survival,Don't Understand,18.MOV,c:\Users\ACER NITRO\Documents\GitHub\FSL-PROJECT-DESIGN\BETTER\Training\Videos\Survival\Don't Understand\18.MOV,640,360,640x360,60.0,244,4.067,h264,1.77778,
Survival,Don't Understand,19.MOV,c:\Users\ACER NITRO\Documents\GitHub\FSL-PROJECT-DESIGN\BETTER\Training\Videos\Survival\Don't Understand\19.MOV,640,360,640x360,60.0,244,4.067,h264,1.77778,
Survival,Don't Understand,2.MOV,c:\Users\ACER NITRO\Documents\GitHub\FSL-PROJECT-DESIGN\BETTER\Training\Videos\Survival\Don't Understand\2.MOV,640,360,640x360,60.0,244,4.067,h264,1.77778,
Survival,Don't Understand,20.MOV,c:\Users\ACER NITRO\Documents\GitHub\FSL-PROJECT-DESIGN\BETTER\Training\Videos\Survival\Don't Understand\20.MOV,640,360,640x360,60.0,244,4.067,h264,1.77778,
Survival,Don't Understand,3.MOV,c:\Users\ACER NITRO\Documents\GitHub\FSL-PROJECT-DESIGN\BETTER\Training\Videos\Survival\Don't Understand\3.MOV,640,360,640x360,60.0,244,4.067,h264,1.77778,
Survival,Don't Understand,4.MOV,c:\Users\ACER NITRO\Documents\GitHub\FSL-PROJECT-DESIGN\BETTER\Training\Videos\Survival\Don't Understand\4.MOV,640,360,640x360,60.0,244,4.067,h264,1.77778,
Survival,Don't Understand,5.MOV,c:\Users\ACER NITRO\Documents\GitHub\FSL-PROJECT-DESIGN\BETTER\Training\Videos\Survival\Don't Understand\5.MOV,640,360,640x360,60.0,244,4.067,h264,1.77778,
Survival,Don't Understand,6.MOV,c:\Users\ACER NITRO\Documents\GitHub\FSL-PROJECT-DESIGN\BETTER\Training\Videos\Survival\Don't Understand\6.MOV,640,360,640x360,60.0,244,4.067,h264,1.77778,
Survival,Don't Understand,7.MOV,c:\Users\ACER NITRO\Documents\GitHub\FSL-PROJECT-DESIGN\BETTER\Training\Videos\Survival\Don't Understand\7.MOV,640,360,640x360,60.0,244,4.067,h264,1.77778,
Survival,Don't Understand,8.MOV,c:\Users\ACER NITRO\Documents\GitHub\FSL-PROJECT-DESIGN\BETTER\Training\Videos\Survival\Don't Understand\8.MOV,640,360,640x360,60.0,244,4.067,h264,1.77778,
Survival,Don't Understand,9.MOV,c:\Users\ACER NITRO\Documents\GitHub\FSL-PROJECT-DESIGN\BETTER\Training\Videos\Survival\Don't Understand\9.MOV,640,360,640x360,60.0,244,4.067,h264,1.77778,
Survival,No,0.MOV,c:\Users\ACER NITRO\Documents\GitHub\FSL-PROJECT-DESIGN\BETTER\Training\Videos\Survival\No\0.MOV,640,360,640x360,60.0,244,4.067,h264,1.77778,
Survival,No,1.MOV,c:\Users\ACER NITRO\Documents\GitHub\FSL-PROJECT-DESIGN\BETTER\Training\Videos\Survival\No\1.MOV,640,360,640x360,60.0,244,4.067,h264,1.77778,
Survival,No,10.MOV,c:\Users\ACER NITRO\Documents\GitHub\FSL-PROJECT-DESIGN\BETTER\Training\Videos\Survival\No\10.MOV,640,360,640x360,60.0,244,4.067,h264,1.77778,
Survival,No,11.MOV,c:\Users\ACER NITRO\Documents\GitHub\FSL-PROJECT-DESIGN\BETTER\Training\Videos\Survival\No\11.MOV,640,360,640x360,60.0,244,4.067,h264,1.77778,
Survival,No,12.MOV,c:\Users\ACER NITRO\Documents\GitHub\FSL-PROJECT-DESIGN\BETTER\Training\Videos\Survival\No\12.MOV,640,360,640x360,60.0,244,4.067,h264,1.77778,
Survival,No,13.MOV,c:\Users\ACER NITRO\Documents\GitHub\FSL-PROJECT-DESIGN\BETTER\Training\Videos\Survival\No\13.MOV,640,360,640x360,60.0,244,4.067,h264,1.77778,
Survival,No,14.MOV,c:\Users\ACER NITRO\Documents\GitHub\FSL-PROJECT-DESIGN\BETTER\Training\Videos\Survival\No\14.MOV,640,360,640x360,60.0,244,4.067,h264,1.77778,
Survival,No,15.MOV,c:\Users\ACER NITRO\Documents\GitHub\FSL-PROJECT-DESIGN\BETTER\Training\Videos\Survival\No\15.MOV,640,360,640x360,60.0,244,4.067,h264,1.77778,
Survival,No,16.MOV,c:\Users\ACER NITRO\Documents\GitHub\FSL-PROJECT-DESIGN\BETTER\Training\Videos\Survival\No\16.MOV,640,360,640x360,60.0,244,4.067,h264,1.77778,
Survival,No,17.MOV,c:\Users\ACER NITRO\Documents\GitHub\FSL-PROJECT-DESIGN\BETTER\Training\Videos\Survival\No\17.MOV,640,360,640x360,60.0,244,4.067,h264,1.77778,
Survival,No,18.MOV,c:\Users\ACER NITRO\Documents\GitHub\FSL-PROJECT-DESIGN\BETTER\Training\Videos\Survival\No\18.MOV,640,360,640x360,60.0,244,4.067,h264,1.77778,
Survival,No,19.MOV,c:\Users\ACER NITRO\Documents\GitHub\FSL-PROJECT-DESIGN\BETTER\Training\Videos\Survival\No\19.MOV,640,360,640x360,60.0,244,4.067,h264,1.77778,
Survival,No,2.MOV,c:\Users\ACER NITRO\Documents\GitHub\FSL-PROJECT-DESIGN\BETTER\Training\Videos\Survival\No\2.MOV,640,360,640x360,60.0,244,4.067,h264,1.77778,
Survival,No,20.MOV,c:\Users\ACER NITRO\Documents\GitHub\FSL-PROJECT-DESIGN\BETTER\Training\Videos\Survival\No\20.MOV,640,360,640x360,60.0,244,4.067,h264,1.77778,
Survival,No,3.MOV,c:\Users\ACER NITRO\Documents\GitHub\FSL-PROJECT-DESIGN\BETTER\Training\Videos\Survival\No\3.MOV,640,360,640x360,60.0,244,4.067,h264,1.77778,
Survival,No,4.MOV,c:\Users\ACER NITRO\Documents\GitHub\FSL-PROJECT-DESIGN\BETTER\Training\Videos\Survival\No\4.MOV,640,360,640x360,60.0,244,4.067,h264,1.77778,
Survival,No,5.MOV,c:\Users\ACER NITRO\Documents\GitHub\FSL-PROJECT-DESIGN\BETTER\Training\Videos\Survival\No\5.MOV,640,360,640x360,60.0,244,4.067,h264,1.77778,
Survival,No,6.MOV,c:\Users\ACER NITRO\Documents\GitHub\FSL-PROJECT-DESIGN\BETTER\Training\Videos\Survival\No\6.MOV,640,360,640x360,60.0,244,4.067,h264,1.77778,
Survival,No,7.MOV,c:\Users\ACER NITRO\Documents\GitHub\FSL-PROJECT-DESIGN\BETTER\Training\Videos\Survival\No\7.MOV,640,360,640x360,60.0,244,4.067,h264,1.77778,
Survival,No,8.MOV,c:\Users\ACER NITRO\Documents\GitHub\FSL-PROJECT-DESIGN\BETTER\Training\Videos\Survival\No\8.MOV,640,360,640x360,60.0,244,4.067,h264,1.77778,
Survival,No,9.MOV,c:\Users\ACER NITRO\Documents\GitHub\FSL-PROJECT-DESIGN\BETTER\Training\Videos\Survival\No\9.MOV,640,360,640x360,60.0,244,4.067,h264,1.77778,
Survival,Understand,0.MOV,c:\Users\ACER NITRO\Documents\GitHub\FSL-PROJECT-DESIGN\BETTER\Training\Videos\Survival\Understand\0.MOV,640,360,640x360,60.0,245,4.083,h264,1.77778,
Survival,Understand,1.MOV,c:\Users\ACER NITRO\Documents\GitHub\FSL-PROJECT-DESIGN\BETTER\Training\Videos\Survival\Understand\1.MOV,640,360,640x360,60.0,245,4.083,h264,1.77778,
Survival,Understand,10.MOV,c:\Users\ACER NITRO\Documents\GitHub\FSL-PROJECT-DESIGN\BETTER\Training\Videos\Survival\Understand\10.MOV,640,360,640x360,60.0,245,4.083,h264,1.77778,
Survival,Understand,11.MOV,c:\Users\ACER NITRO\Documents\GitHub\FSL-PROJECT-DESIGN\BETTER\Training\Videos\Survival\Understand\11.MOV,640,360,640x360,60.0,245,4.083,h264,1.77778,
Survival,Understand,12.MOV,c:\Users\ACER NITRO\Documents\GitHub\FSL-PROJECT-DESIGN\BETTER\Training\Videos\Survival\Understand\12.MOV,640,360,640x360,60.0,244,4.067,h264,1.77778,
Survival,Understand,13.MOV,c:\Users\ACER NITRO\Documents\GitHub\FSL-PROJECT-DESIGN\BETTER\Training\Videos\Survival\Understand\13.MOV,640,360,640x360,60.0,244,4.067,h264,1.77778,
Survival,Understand,14.MOV,c:\Users\ACER NITRO\Documents\GitHub\FSL-PROJECT-DESIGN\BETTER\Training\Videos\Survival\Understand\14.MOV,640,360,640x360,60.0,244,4.067,h264,1.77778,
Survival,Understand,15.MOV,c:\Users\ACER NITRO\Documents\GitHub\FSL-PROJECT-DESIGN\BETTER\Training\Videos\Survival\Understand\15.MOV,640,360,640x360,60.0,244,4.067,h264,1.77778,
Survival,Understand,16.MOV,c:\Users\ACER NITRO\Documents\GitHub\FSL-PROJECT-DESIGN\BETTER\Training\Videos\Survival\Understand\16.MOV,640,360,640x360,60.0,244,4.067,h264,1.77778,
Survival,Understand,17.MOV,c:\Users\ACER NITRO\Documents\GitHub\FSL-PROJECT-DESIGN\BETTER\Training\Videos\Survival\Understand\17.MOV,640,360,640x360,60.0,244,4.067,h264,1.77778,
Survival,Understand,18.MOV,c:\Users\ACER NITRO\Documents\GitHub\FSL-PROJECT-DESIGN\BETTER\Training\Videos\Survival\Understand\18.MOV,640,360,640x360,60.0,244,4.067,h264,1.77778,
Survival,Understand,19.MOV,c:\Users\ACER NITRO\Documents\GitHub\FSL-PROJECT-DESIGN\BETTER\Training\Videos\Survival\Understand\19.MOV,640,360,640x360,60.0,244,4.067,h264,1.77778,
Survival,Understand,2.MOV,c:\Users\ACER NITRO\Documents\GitHub\FSL-PROJECT-DESIGN\BETTER\Training\Videos\Survival\Understand\2.MOV,640,360,640x360,60.0,244,4.067,h264,1.77778,
Survival,Understand,3.MOV,c:\Users\ACER NITRO\Documents\GitHub\FSL-PROJECT-DESIGN\BETTER\Training\Videos\Survival\Understand\3.MOV,640,360,640x360,60.0,244,4.067,h264,1.77778,
Survival,Understand,4.MOV,c:\Users\ACER NITRO\Documents\GitHub\FSL-PROJECT-DESIGN\BETTER\Training\Videos\Survival\Understand\4.MOV,640,360,640x360,60.0,244,4.067,h264,1.77778,
Survival,Understand,5.MOV,c:\Users\ACER NITRO\Documents\GitHub\FSL-PROJECT-DESIGN\BETTER\Training\Videos\Survival\Understand\5.MOV,640,360,640x360,60.0,245,4.083,h264,1.77778,
Survival,Understand,6.MOV,c:\Users\ACER NITRO\Documents\GitHub\FSL-PROJECT-DESIGN\BETTER\Training\Videos\Survival\Understand\6.MOV,640,360,640x360,60.0,244,4.067,h264,1.77778,
Survival,Understand,7.MOV,c:\Users\ACER NITRO\Documents\GitHub\FSL-PROJECT-DESIGN\BETTER\Training\Videos\Survival\Understand\7.MOV,640,360,640x360,60.0,244,4.067,h264,1.77778,
Survival,Understand,8.MOV,c:\Users\ACER NITRO\Documents\GitHub\FSL-PROJECT-DESIGN\BETTER\Training\Videos\Survival\Understand\8.MOV,640,360,640x360,60.0,244,4.067,h264,1.77778,
Survival,Understand,9.MOV,c:\Users\ACER NITRO\Documents\GitHub\FSL-PROJECT-DESIGN\BETTER\Training\Videos\Survival\Understand\9.MOV,640,360,640x360,60.0,244,4.067,h264,1.77778,
Survival,Wrong,0.MOV,c:\Users\ACER NITRO\Documents\GitHub\FSL-PROJECT-DESIGN\BETTER\Training\Videos\Survival\Wrong\0.MOV,640,360,640x360,60.0,243,4.05,h264,1.77778,
Survival,Wrong,1.MOV,c:\Users\ACER NITRO\Documents\GitHub\FSL-PROJECT-DESIGN\BETTER\Training\Videos\Survival\Wrong\1.MOV,640,360,640x360,60.0,243,4.05,h264,1.77778,
Survival,Wrong,10.MOV,c:\Users\ACER NITRO\Documents\GitHub\FSL-PROJECT-DESIGN\BETTER\Training\Videos\Survival\Wrong\10.MOV,640,360,640x360,60.0,243,4.05,h264,1.77778,
Survival,Wrong,11.MOV,c:\Users\ACER NITRO\Documents\GitHub\FSL-PROJECT-DESIGN\BETTER\Training\Videos\Survival\Wrong\11.MOV,640,360,640x360,60.0,243,4.05,h264,1.77778,
Survival,Wrong,12.MOV,c:\Users\ACER NITRO\Documents\GitHub\FSL-PROJECT-DESIGN\BETTER\Training\Videos\Survival\Wrong\12.MOV,640,360,640x360,60.0,243,4.05,h264,1.77778,
Survival,Wrong,13.MOV,c:\Users\ACER NITRO\Documents\GitHub\FSL-PROJECT-DESIGN\BETTER\Training\Videos\Survival\Wrong\13.MOV,640,360,640x360,60.0,243,4.05,h264,1.77778,
Survival,Wrong,14.MOV,c:\Users\ACER NITRO\Documents\GitHub\FSL-PROJECT-DESIGN\BETTER\Training\Videos\Survival\Wrong\14.MOV,640,360,640x360,60.0,243,4.05,h264,1.77778,
Survival,Wrong,15.MOV,c:\Users\ACER NITRO\Documents\GitHub\FSL-PROJECT-DESIGN\BETTER\Training\Videos\Survival\Wrong\15.MOV,640,360,640x360,60.0,243,4.05,h264,1.77778,
Survival,Wrong,16.MOV,c:\Users\ACER NITRO\Documents\GitHub\FSL-PROJECT-DESIGN\BETTER\Training\Videos\Survival\Wrong\16.MOV,640,360,640x360,60.0,243,4.05,h264,1.77778,
Survival,Wrong,17.MOV,c:\Users\ACER NITRO\Documents\GitHub\FSL-PROJECT-DESIGN\BETTER\Training\Videos\Survival\Wrong\17.MOV,640,360,640x360,60.0,243,4.05,h264,1.77778,
Survival,Wrong,18.MOV,c:\Users\ACER NITRO\Documents\GitHub\FSL-PROJECT-DESIGN\BETTER\Training\Videos\Survival\Wrong\18.MOV,640,360,640x360,60.0,243,4.05,h264,1.77778,
Survival,Wrong,19.MOV,c:\Users\ACER NITRO\Documents\GitHub\FSL-PROJECT-DESIGN\BETTER\Training\Videos\Survival\Wrong\19.MOV,640,360,640x360,60.0,243,4.05,h264,1.77778,
Survival,Wrong,2.MOV,c:\Users\ACER NITRO\Documents\GitHub\FSL-PROJECT-DESIGN\BETTER\Training\Videos\Survival\Wrong\2.MOV,640,360,640x360,60.0,243,4.05,h264,1.77778,
Survival,Wrong,20.MOV,c:\Users\ACER NITRO\Documents\GitHub\FSL-PROJECT-DESIGN\BETTER\Training\Videos\Survival\Wrong\20.MOV,640,360,640x360,60.0,243,4.05,h264,1.77778,
Survival,Wrong,3.MOV,c:\Users\ACER NITRO\Documents\GitHub\FSL-PROJECT-DESIGN\BETTER\Training\Videos\Survival\Wrong\3.MOV,640,360,640x360,60.0,243,4.05,h264,1.77778,
Survival,Wrong,4.MOV,c:\Users\ACER NITRO\Documents\GitHub\FSL-PROJECT-DESIGN\BETTER\Training\Videos\Survival\Wrong\4.MOV,640,360,640x360,60.0,243,4.05,h264,1.77778,
Survival,Wrong,5.MOV,c:\Users\ACER NITRO\Documents\GitHub\FSL-PROJECT-DESIGN\BETTER\Training\Videos\Survival\Wrong\5.MOV,640,360,640x360,60.0,243,4.05,h264,1.77778,
Survival,Wrong,6.MOV,c:\Users\ACER NITRO\Documents\GitHub\FSL-PROJECT-DESIGN\BETTER\Training\Videos\Survival\Wrong\6.MOV,640,360,640x360,60.0,243,4.05,h264,1.77778,
Survival,Wrong,7.MOV,c:\Users\ACER NITRO\Documents\GitHub\FSL-PROJECT-DESIGN\BETTER\Training\Videos\Survival\Wrong\7.MOV,640,360,640x360,60.0,243,4.05,h264,1.77778,
Survival,Wrong,8.MOV,c:\Users\ACER NITRO\Documents\GitHub\FSL-PROJECT-DESIGN\BETTER\Training\Videos\Survival\Wrong\8.MOV,640,360,640x360,60.0,243,4.05,h264,1.77778,
Survival,Wrong,9.MOV,c:\Users\ACER NITRO\Documents\GitHub\FSL-PROJECT-DESIGN\BETTER\Training\Videos\Survival\Wrong\9.MOV,640,360,640x360,60.0,243,4.05,h264,1.77778,
Survival,Yes,0.MOV,c:\Users\ACER NITRO\Documents\GitHub\FSL-PROJECT-DESIGN\BETTER\Training\Videos\Survival\Yes\0.MOV,640,360,640x360,60.0,243,4.05,h264,1.77778,
Survival,Yes,1.MOV,c:\Users\ACER NITRO\Documents\GitHub\FSL-PROJECT-DESIGN\BETTER\Training\Videos\Survival\Yes\1.MOV,640,360,640x360,60.0,243,4.05,h264,1.77778,
Survival,Yes,10.MOV,c:\Users\ACER NITRO\Documents\GitHub\FSL-PROJECT-DESIGN\BETTER\Training\Videos\Survival\Yes\10.MOV,640,360,640x360,60.0,243,4.05,h264,1.77778,
Survival,Yes,11.MOV,c:\Users\ACER NITRO\Documents\GitHub\FSL-PROJECT-DESIGN\BETTER\Training\Videos\Survival\Yes\11.MOV,640,360,640x360,60.0,243,4.05,h264,1.77778,
Survival,Yes,12.MOV,c:\Users\ACER NITRO\Documents\GitHub\FSL-PROJECT-DESIGN\BETTER\Training\Videos\Survival\Yes\12.MOV,640,360,640x360,60.0,243,4.05,h264,1.77778,
Survival,Yes,13.MOV,c:\Users\ACER NITRO\Documents\GitHub\FSL-PROJECT-DESIGN\BETTER\Training\Videos\Survival\Yes\13.MOV,640,360,640x360,60.0,243,4.05,h264,1.77778,
Survival,Yes,14.MOV,c:\Users\ACER NITRO\Documents\GitHub\FSL-PROJECT-DESIGN\BETTER\Training\Videos\Survival\Yes\14.MOV,640,360,640x360,60.0,243,4.05,h264,1.77778,
Survival,Yes,15.MOV,c:\Users\ACER NITRO\Documents\GitHub\FSL-PROJECT-DESIGN\BETTER\Training\Videos\Survival\Yes\15.MOV,640,360,640x360,60.0,243,4.05,h264,1.77778,
Survival,Yes,16.MOV,c:\Users\ACER NITRO\Documents\GitHub\FSL-PROJECT-DESIGN\BETTER\Training\Videos\Survival\Yes\16.MOV,640,360,640x360,60.0,243,4.05,h264,1.77778,
Survival,Yes,17.MOV,c:\Users\ACER NITRO\Documents\GitHub\FSL-PROJECT-DESIGN\BETTER\Training\Videos\Survival\Yes\17.MOV,640,360,640x360,60.0,243,4.05,h264,1.77778,
Survival,Yes,18.MOV,c:\Users\ACER NITRO\Documents\GitHub\FSL-PROJECT-DESIGN\BETTER\Training\Videos\Survival\Yes\18.MOV,640,360,640x360,60.0,243,4.05,h264,1.77778,
Survival,Yes,19.MOV,c:\Users\ACER NITRO\Documents\GitHub\FSL-PROJECT-DESIGN\BETTER\Training\Videos\Survival\Yes\19.MOV,640,360,640x360,60.0,243,4.05,h264,1.77778,
Survival,Yes,2.MOV,c:\Users\ACER NITRO\Documents\GitHub\FSL-PROJECT-DESIGN\BETTER\Training\Videos\Survival\Yes\2.MOV,640,360,640x360,60.0,243,4.05,h264,1.77778,
Survival,Yes,3.MOV,c:\Users\ACER NITRO\Documents\GitHub\FSL-PROJECT-DESIGN\BETTER\Training\Videos\Survival\Yes\3.MOV,640,360,640x360,60.0,243,4.05,h264,1.77778,
Survival,Yes,4.MOV,c:\Users\ACER NITRO\Documents\GitHub\FSL-PROJECT-DESIGN\BETTER\Training\Videos\Survival\Yes\4.MOV,640,360,640x360,60.0,243,4.05,h264,1.77778,
Survival,Yes,5.MOV,c:\Users\ACER NITRO\Documents\GitHub\FSL-PROJECT-DESIGN\BETTER\Training\Videos\Survival\Yes\5.MOV,640,360,640x360,60.0,244,4.067,h264,1.77778,
Survival,Yes,6.MOV,c:\Users\ACER NITRO\Documents\GitHub\FSL-PROJECT-DESIGN\BETTER\Training\Videos\Survival\Yes\6.MOV,640,360,640x360,60.0,244,4.067,h264,1.77778,
Survival,Yes,7.MOV,c:\Users\ACER NITRO\Documents\GitHub\FSL-PROJECT-DESIGN\BETTER\Training\Videos\Survival\Yes\7.MOV,640,360,640x360,60.0,243,4.05,h264,1.77778,
Survival,Yes,8.MOV,c:\Users\ACER NITRO\Documents\GitHub\FSL-PROJECT-DESIGN\BETTER\Training\Videos\Survival\Yes\8.MOV,640,360,640x360,60.0,243,4.05,h264,1.77778,
Survival,Yes,9.MOV,c:\Users\ACER NITRO\Documents\GitHub\FSL-PROJECT-DESIGN\BETTER\Training\Videos\Survival\Yes\9.MOV,640,360,640x360,60.0,243,4.05,h264,1.77778,
